TEAM_ID,W_PCT,OFF_RATING,DEF_RATING,NET_RATING,AST_TO,AST_RATIO,OREB_PCT,DREB_PCT,TM_TOV_PCT,TS_PCT,PACE,SEASON_ID,PLAYOFF_WINS
1610612737,0.683,106.4,100.3,6.2,1.27,15.5,0.334,0.67,0.168,0.542,88.54,1996-97,4
1610612738,0.183,102.9,110.1,-7.2,1.34,16.1,0.329,0.658,0.167,0.52,96.78,1996-97,0
1610612766,0.659,109.1,107.1,2.1,1.68,19.2,0.316,0.661,0.162,0.562,90.04,1996-97,0
1610612741,0.841,112.4,100.7,11.8,1.93,19.4,0.374,0.67,0.147,0.547,91.5,1996-97,15
1610612739,0.512,102.7,100.8,1.9,1.44,17.5,0.322,0.681,0.17,0.531,84.31,1996-97,0
1610612742,0.293,99.5,106.0,-6.5,1.26,16.0,0.332,0.65,0.177,0.509,90.65,1996-97,0
1610612743,0.256,103.1,109.7,-6.6,1.39,17.4,0.324,0.666,0.175,0.53,93.67,1996-97,0
1610612765,0.659,108.5,102.6,5.9,1.49,16.1,0.302,0.675,0.146,0.554,86.09,1996-97,2
1610612744,0.366,105.3,110.3,-5.0,1.29,16.8,0.347,0.648,0.182,0.543,93.58,1996-97,0
1610612745,0.695,107.5,102.8,4.7,1.47,18.7,0.318,0.692,0.178,0.56,92.73,1996-97,9
1610612754,0.476,104.2,102.9,1.3,1.31,16.8,0.338,0.668,0.178,0.537,90.44,1996-97,0
1610612746,0.439,103.5,106.2,-2.8,1.27,15.6,0.339,0.654,0.17,0.524,92.65,1996-97,0
1610612747,0.683,106.4,102.3,4.2,1.51,17.0,0.343,0.658,0.159,0.535,92.61,1996-97,4
1610612748,0.744,105.2,99.2,6.0,1.33,16.9,0.324,0.678,0.177,0.546,89.54,1996-97,8
1610612749,0.402,104.7,106.7,-2.0,1.25,15.8,0.329,0.669,0.172,0.541,90.85,1996-97,0
1610612750,0.488,103.9,105.5,-1.7,1.51,17.7,0.323,0.649,0.164,0.533,92.04,1996-97,0
1610612751,0.317,102.4,107.2,-4.8,1.34,15.5,0.376,0.669,0.166,0.499,94.47,1996-97,0
1610612752,0.695,102.9,99.5,3.4,1.24,17.2,0.323,0.7,0.192,0.546,91.84,1996-97,6
1610612753,0.549,103.8,104.2,-0.5,1.35,16.3,0.336,0.651,0.168,0.524,89.88,1996-97,2
1610612755,0.268,102.6,109.5,-6.9,1.18,15.2,0.359,0.654,0.179,0.518,97.05,1996-97,0
1610612756,0.488,108.0,107.1,0.9,1.75,18.9,0.297,0.663,0.151,0.552,94.46,1996-97,2
1610612757,0.598,106.3,102.1,4.2,1.26,16.1,0.358,0.691,0.178,0.544,92.17,1996-97,1
1610612758,0.415,102.7,107.0,-4.3,1.34,16.8,0.348,0.661,0.174,0.526,92.68,1996-97,0
1610612759,0.244,102.1,110.8,-8.8,1.34,16.3,0.344,0.643,0.171,0.512,88.45,1996-97,0
1610612760,0.695,109.6,101.0,8.5,1.57,18.1,0.341,0.657,0.163,0.557,91.68,1996-97,6
1610612761,0.366,102.9,106.4,-3.5,1.27,16.1,0.35,0.657,0.177,0.521,92.03,1996-97,0
1610612762,0.78,112.4,102.6,9.8,1.75,20.4,0.328,0.687,0.167,0.581,91.1,1996-97,13
1610612763,0.171,99.1,110.1,-11.0,1.43,17.9,0.325,0.618,0.176,0.507,89.7,1996-97,0
1610612764,0.537,105.2,103.7,1.5,1.49,17.7,0.326,0.676,0.167,0.54,93.52,1996-97,0
1610612737,0.61,106.5,102.5,4.0,1.29,15.3,0.356,0.669,0.165,0.533,89.1,1997-98,1
1610612738,0.439,100.8,103.5,-2.7,1.37,16.5,0.352,0.642,0.171,0.504,94.9,1997-98,0
1610612766,0.622,105.5,103.3,2.2,1.56,18.3,0.326,0.691,0.166,0.542,91.13,1997-98,4
1610612741,0.756,106.2,98.4,7.8,1.66,18.0,0.381,0.676,0.158,0.516,90.3,1997-98,15
1610612739,0.573,100.3,97.5,2.8,1.33,17.8,0.33,0.678,0.188,0.529,91.43,1997-98,1
1610612742,0.244,98.9,105.2,-6.3,1.3,14.9,0.306,0.632,0.156,0.498,91.47,1997-98,0
1610612743,0.134,97.4,110.6,-13.2,1.18,15.0,0.337,0.639,0.175,0.496,91.06,1997-98,0
1610612765,0.451,103.4,101.8,1.6,1.33,15.5,0.332,0.668,0.16,0.523,89.75,1997-98,0
1610612744,0.232,93.9,103.5,-9.6,1.25,15.7,0.356,0.664,0.178,0.468,93.31,1997-98,0
1610612745,0.5,105.9,106.8,-0.9,1.39,16.9,0.324,0.672,0.17,0.544,92.52,1997-98,2
1610612754,0.707,106.3,99.5,6.8,1.62,18.3,0.305,0.657,0.158,0.55,89.69,1997-98,10
1610612746,0.207,101.8,109.6,-7.7,1.16,14.6,0.33,0.638,0.171,0.518,93.74,1997-98,0
1610612747,0.744,110.4,102.3,8.1,1.6,18.1,0.339,0.656,0.16,0.559,94.85,1997-98,7
1610612748,0.671,105.7,100.5,5.2,1.43,17.0,0.339,0.669,0.166,0.538,89.35,1997-98,2
1610612749,0.439,101.5,103.7,-2.2,1.19,15.7,0.34,0.664,0.181,0.527,91.9,1997-98,0
1610612750,0.549,106.4,105.5,0.8,1.82,18.6,0.333,0.657,0.146,0.529,93.89,1997-98,2
1610612751,0.524,105.8,104.3,1.5,1.43,15.3,0.383,0.65,0.153,0.513,93.16,1997-98,0
1610612752,0.524,101.5,98.8,2.7,1.43,17.3,0.319,0.703,0.169,0.521,89.53,1997-98,4
1610612753,0.5,101.0,102.2,-1.2,1.35,16.3,0.37,0.646,0.172,0.499,88.51,1997-98,0
1610612755,0.378,101.1,103.3,-2.3,1.28,16.3,0.341,0.66,0.179,0.514,92.11,1997-98,0
1610612756,0.683,106.3,100.6,5.6,1.72,19.3,0.321,0.664,0.161,0.54,92.47,1997-98,1
1610612757,0.561,102.4,100.8,1.6,1.28,16.6,0.355,0.685,0.183,0.524,91.46,1997-98,1
1610612758,0.329,99.1,105.0,-5.9,1.44,17.0,0.328,0.643,0.165,0.502,93.78,1997-98,0
1610612759,0.683,102.4,98.0,4.4,1.4,17.7,0.326,0.696,0.178,0.531,89.65,1997-98,4
1610612760,0.744,110.1,102.3,7.9,1.73,18.7,0.321,0.635,0.153,0.558,90.96,1997-98,4
1610612761,0.195,99.4,108.9,-9.5,1.27,16.0,0.339,0.602,0.175,0.504,94.36,1997-98,0
1610612762,0.756,110.9,103.8,7.2,1.64,19.4,0.352,0.684,0.169,0.569,90.55,1997-98,13
1610612763,0.232,102.4,110.2,-7.8,1.4,17.9,0.34,0.652,0.182,0.527,93.6,1997-98,0
1610612764,0.512,103.9,103.2,0.7,1.64,17.5,0.339,0.673,0.151,0.513,92.98,1997-98,0
1610612737,0.62,98.4,95.3,3.1,1.05,13.0,0.353,0.701,0.17,0.492,87.1,1998-99,3
1610612738,0.38,98.7,100.8,-2.1,1.33,16.3,0.33,0.666,0.171,0.501,93.02,1998-99,0
1610612766,0.52,100.4,100.4,0.0,1.39,17.6,0.266,0.678,0.172,0.537,91.43,1998-99,0
1610612741,0.26,91.4,101.7,-10.4,1.31,16.4,0.299,0.684,0.173,0.47,89.19,1998-99,0
1610612739,0.44,98.2,100.1,-1.9,1.39,17.9,0.295,0.656,0.178,0.52,87.66,1998-99,0
1610612742,0.38,100.2,103.0,-2.7,1.33,14.7,0.321,0.673,0.151,0.502,90.8,1998-99,0
1610612743,0.28,101.4,108.6,-7.3,1.31,15.3,0.319,0.66,0.16,0.511,91.99,1998-99,0
1610612765,0.58,102.4,98.4,4.0,1.28,16.4,0.331,0.697,0.179,0.528,87.93,1998-99,2
1610612744,0.42,96.0,98.9,-2.9,1.35,15.8,0.367,0.69,0.167,0.471,90.96,1998-99,0
1610612745,0.62,103.5,101.0,2.5,1.3,16.9,0.312,0.678,0.178,0.545,90.45,1998-99,1
1610612754,0.66,106.6,102.2,4.3,1.55,16.4,0.31,0.671,0.146,0.537,88.16,1998-99,9
1610612746,0.18,98.3,107.8,-9.6,1.03,13.2,0.332,0.646,0.173,0.497,91.04,1998-99,0
1610612747,0.62,106.1,102.8,3.3,1.45,16.9,0.323,0.671,0.162,0.538,92.95,1998-99,3
1610612748,0.66,102.9,97.1,5.8,1.37,17.1,0.299,0.683,0.172,0.54,86.35,1998-99,2
1610612749,0.56,102.9,101.2,1.8,1.43,16.8,0.312,0.648,0.161,0.53,88.64,1998-99,0
1610612750,0.5,99.9,99.4,0.5,1.9,18.1,0.348,0.673,0.138,0.481,92.86,1998-99,1
1610612751,0.32,97.0,101.2,-4.2,1.23,14.3,0.328,0.682,0.159,0.485,93.73,1998-99,0
1610612752,0.54,97.2,95.9,1.2,1.2,15.9,0.303,0.671,0.181,0.509,88.22,1998-99,12
1610612753,0.66,98.9,96.3,2.6,1.3,16.6,0.36,0.685,0.181,0.498,89.93,1998-99,1
1610612755,0.56,97.8,95.5,2.4,1.14,14.7,0.356,0.679,0.179,0.494,90.56,1998-99,3
1610612756,0.54,103.9,101.6,2.2,1.83,19.1,0.306,0.671,0.148,0.526,91.54,1998-99,0
1610612757,0.7,102.8,96.2,6.6,1.39,16.6,0.345,0.687,0.167,0.521,90.81,1998-99,7
1610612758,0.54,101.2,101.6,-0.4,1.34,16.4,0.328,0.654,0.17,0.514,97.36,1998-99,2
1610612759,0.74,102.7,93.6,9.1,1.45,17.4,0.329,0.674,0.168,0.523,89.88,1998-99,15
1610612760,0.5,103.2,104.2,-0.9,1.42,16.7,0.344,0.673,0.167,0.519,91.22,1998-99,0
1610612761,0.46,99.8,101.8,-1.9,1.3,16.1,0.359,0.675,0.175,0.504,90.67,1998-99,0
1610612762,0.74,104.2,96.7,7.4,1.48,19.0,0.329,0.677,0.182,0.545,88.37,1998-99,5
1610612763,0.16,97.1,106.3,-9.3,1.14,15.3,0.342,0.645,0.185,0.498,90.29,1998-99,0
1610612764,0.36,99.8,102.1,-2.3,1.45,16.8,0.308,0.673,0.161,0.507,91.11,1998-99,0
1610612737,0.341,100.1,105.8,-5.7,1.22,14.6,0.334,0.698,0.164,0.503,93.55,1999-00,0
1610612738,0.427,102.9,103.9,-1.1,1.38,15.9,0.327,0.705,0.159,0.52,96.19,1999-00,0
1610612766,0.598,102.5,99.7,2.8,1.68,18.4,0.283,0.712,0.153,0.53,95.58,1999-00,1
1610612741,0.207,92.8,102.8,-10.0,1.05,15.8,0.331,0.676,0.208,0.49,90.93,1999-00,0
1610612739,0.39,98.7,102.2,-3.5,1.36,17.3,0.308,0.685,0.177,0.516,97.36,1999-00,0
1610612742,0.488,104.7,105.2,-0.5,1.61,16.7,0.281,0.647,0.142,0.532,96.64,1999-00,0
1610612743,0.427,102.2,104.5,-2.3,1.49,17.2,0.321,0.688,0.161,0.517,95.95,1999-00,0
1610612765,0.512,105.2,103.8,1.4,1.33,15.7,0.295,0.694,0.16,0.548,97.56,1999-00,0
1610612744,0.232,98.0,106.5,-8.4,1.42,16.3,0.346,0.673,0.163,0.484,97.11,1999-00,0
1610612745,0.415,103.3,104.2,-0.8,1.24,16.3,0.321,0.691,0.181,0.536,95.54,1999-00,0
1610612754,0.683,106.8,101.7,5.1,1.6,17.5,0.276,0.691,0.149,0.552,94.7,1999-00,13
1610612746,0.183,96.1,108.0,-11.9,1.12,14.2,0.286,0.674,0.169,0.499,95.69,1999-00,0
1610612747,0.817,105.4,96.4,9.0,1.68,17.4,0.324,0.705,0.146,0.525,95.04,1999-00,15
1610612748,0.634,102.5,99.4,3.1,1.57,18.3,0.304,0.696,0.163,0.533,91.22,1999-00,6
1610612749,0.512,106.5,106.2,0.3,1.51,17.1,0.327,0.667,0.158,0.539,94.27,1999-00,2
1610612750,0.61,104.2,101.7,2.5,1.94,19.8,0.318,0.696,0.147,0.525,93.37,1999-00,1
1610612751,0.378,102.8,103.9,-1.1,1.51,15.8,0.298,0.657,0.143,0.517,94.63,1999-00,0
1610612752,0.61,100.9,99.5,1.5,1.32,15.8,0.277,0.699,0.16,0.527,90.54,1999-00,9
1610612753,0.5,101.1,100.3,0.8,1.18,15.3,0.344,0.669,0.178,0.516,98.68,1999-00,0
1610612755,0.598,99.9,98.3,1.5,1.42,16.6,0.335,0.68,0.165,0.501,94.25,1999-00,5
1610612756,0.646,102.7,97.3,5.4,1.53,18.8,0.316,0.676,0.173,0.532,95.67,1999-00,4
1610612757,0.72,106.5,99.5,6.9,1.55,18.2,0.335,0.693,0.166,0.546,91.03,1999-00,10
1610612758,0.537,103.6,100.7,2.9,1.47,17.0,0.308,0.679,0.16,0.526,100.66,1999-00,2
1610612759,0.646,103.5,97.1,6.4,1.48,17.3,0.301,0.703,0.162,0.535,92.11,1999-00,1
1610612760,0.549,104.0,103.1,1.0,1.63,17.2,0.312,0.673,0.148,0.52,94.74,1999-00,2
1610612761,0.549,102.7,102.8,-0.1,1.71,17.7,0.324,0.686,0.147,0.511,94.3,1999-00,0
1610612762,0.671,105.7,101.1,4.6,1.67,19.1,0.329,0.698,0.163,0.54,90.84,1999-00,4
1610612763,0.268,100.7,106.7,-6.0,1.23,16.2,0.326,0.679,0.181,0.524,92.46,1999-00,0
1610612764,0.354,101.8,105.2,-3.4,1.34,16.4,0.329,0.686,0.17,0.521,94.33,1999-00,0
1610612737,0.305,96.9,102.4,-5.5,1.14,14.9,0.313,0.691,0.178,0.5,93.63,2000-01,0
1610612738,0.439,100.1,102.3,-2.2,1.33,16.2,0.28,0.69,0.166,0.521,93.81,2000-01,0
1610612766,0.561,99.7,97.6,2.1,1.61,17.8,0.315,0.71,0.156,0.506,91.24,2000-01,6
1610612741,0.183,95.9,105.9,-10.0,1.4,17.4,0.302,0.673,0.173,0.495,90.47,2000-01,0
1610612739,0.366,99.3,103.5,-4.2,1.27,16.2,0.331,0.678,0.177,0.509,92.32,2000-01,0
1610612742,0.646,105.6,101.2,4.4,1.52,16.5,0.272,0.678,0.146,0.544,94.52,2000-01,4
1610612743,0.488,102.2,104.9,-2.8,1.73,18.0,0.306,0.69,0.147,0.511,93.98,2000-01,0
1610612765,0.39,98.5,100.3,-1.8,1.25,14.9,0.325,0.691,0.164,0.498,96.15,2000-01,0
1610612744,0.207,96.3,105.5,-9.2,1.37,15.9,0.357,0.68,0.165,0.47,95.7,2000-01,0
1610612745,0.549,105.2,102.8,2.4,1.34,15.7,0.305,0.691,0.159,0.538,91.66,2000-01,0
1610612754,0.5,100.3,100.5,-0.2,1.42,16.9,0.297,0.685,0.164,0.519,90.89,2000-01,1
1610612746,0.378,100.3,103.2,-2.9,1.23,15.3,0.322,0.682,0.171,0.514,90.67,2000-01,0
1610612747,0.683,107.0,103.6,3.5,1.59,17.4,0.338,0.691,0.154,0.535,92.9,2000-01,15
1610612748,0.61,99.4,97.1,2.3,1.45,16.4,0.28,0.7,0.153,0.515,88.39,2000-01,0
1610612749,0.634,106.8,102.6,4.2,1.64,17.2,0.301,0.683,0.145,0.542,93.89,2000-01,10
1610612750,0.573,103.9,102.4,1.6,1.83,19.0,0.315,0.682,0.148,0.523,92.99,2000-01,1
1610612751,0.317,98.4,103.8,-5.4,1.33,15.4,0.292,0.673,0.157,0.504,93.35,2000-01,0
1610612752,0.585,100.0,97.0,3.0,1.28,15.6,0.276,0.707,0.163,0.523,87.74,2000-01,2
1610612753,0.524,102.1,101.1,1.0,1.45,16.6,0.321,0.662,0.159,0.513,94.14,2000-01,1
1610612755,0.683,101.9,97.3,4.6,1.31,16.0,0.334,0.704,0.17,0.518,92.09,2000-01,12
1610612756,0.622,98.9,96.7,2.3,1.52,17.5,0.305,0.702,0.161,0.506,94.41,2000-01,1
1610612757,0.61,104.7,100.5,4.2,1.56,18.6,0.333,0.7,0.168,0.539,90.53,2000-01,0
1610612758,0.671,104.2,98.5,5.7,1.52,16.8,0.307,0.679,0.152,0.529,95.61,2000-01,3
1610612759,0.707,105.0,96.6,8.3,1.55,17.2,0.297,0.703,0.152,0.541,90.87,2000-01,7
1610612760,0.537,104.4,104.2,0.2,1.43,16.9,0.321,0.668,0.164,0.53,92.69,2000-01,0
1610612761,0.573,104.4,102.0,2.3,1.86,18.2,0.339,0.7,0.141,0.51,92.22,2000-01,6
1610612762,0.646,106.1,100.9,5.2,1.63,19.6,0.332,0.701,0.173,0.546,91.08,2000-01,2
1610612763,0.28,98.2,104.2,-6.0,1.47,17.9,0.293,0.675,0.168,0.51,93.03,2000-01,0
1610612764,0.232,99.4,106.2,-6.8,1.18,15.6,0.328,0.684,0.181,0.514,93.97,2000-01,0
1610612737,0.402,100.4,104.8,-4.4,1.3,15.8,0.297,0.689,0.166,0.517,93.21,2001-02,0
1610612738,0.598,102.1,99.9,2.2,1.55,16.4,0.272,0.695,0.144,0.52,93.6,2001-02,9
1610612766,0.537,102.9,101.8,1.2,1.53,16.7,0.333,0.689,0.154,0.513,90.93,2001-02,4
1610612741,0.256,97.2,106.2,-9.1,1.45,17.3,0.298,0.685,0.166,0.499,91.56,2001-02,0
1610612739,0.354,103.4,107.0,-3.6,1.58,17.8,0.319,0.69,0.158,0.524,91.31,2001-02,0
1610612742,0.695,110.3,106.0,4.3,1.83,16.9,0.285,0.683,0.127,0.553,94.36,2001-02,4
1610612743,0.329,100.3,106.6,-6.3,1.51,17.0,0.341,0.668,0.16,0.495,91.35,2001-02,0
1610612765,0.61,103.2,100.9,2.3,1.48,17.3,0.277,0.676,0.159,0.54,91.38,2001-02,4
1610612744,0.256,101.5,107.1,-5.6,1.24,15.3,0.373,0.669,0.175,0.499,95.75,2001-02,0
1610612745,0.341,101.6,106.9,-5.4,1.28,14.6,0.327,0.675,0.155,0.507,89.56,2001-02,0
1610612754,0.512,102.8,102.4,0.4,1.51,17.6,0.302,0.686,0.162,0.527,93.13,2001-02,2
1610612746,0.476,104.3,104.7,-0.4,1.41,16.3,0.349,0.673,0.161,0.519,91.21,2001-02,0
1610612747,0.707,108.0,100.4,7.6,1.81,17.5,0.311,0.686,0.135,0.534,93.32,2001-02,15
1610612763,0.28,96.6,104.7,-8.0,1.33,16.9,0.305,0.663,0.176,0.501,92.55,2001-02,0
1610612748,0.439,97.3,99.0,-1.7,1.37,16.5,0.297,0.71,0.166,0.501,88.47,2001-02,0
1610612749,0.5,105.3,105.6,-0.3,1.6,17.7,0.287,0.679,0.152,0.544,91.51,2001-02,0
1610612750,0.61,107.5,104.1,3.4,1.82,18.4,0.343,0.703,0.145,0.532,91.72,2001-02,0
1610612751,0.634,102.4,98.1,4.3,1.67,18.2,0.322,0.683,0.154,0.515,93.2,2001-02,11
1610612752,0.366,100.4,104.6,-4.2,1.44,16.7,0.292,0.684,0.159,0.514,90.78,2001-02,0
1610612753,0.537,105.6,104.1,1.5,1.61,16.8,0.292,0.665,0.143,0.533,94.4,2001-02,1
1610612755,0.524,100.5,98.7,1.8,1.3,15.8,0.341,0.702,0.169,0.507,90.32,2001-02,2
1610612756,0.439,101.8,102.6,-0.7,1.53,17.1,0.327,0.672,0.157,0.51,92.74,2001-02,0
1610612757,0.598,105.9,102.6,3.3,1.64,18.0,0.345,0.703,0.157,0.528,90.55,2001-02,0
1610612758,0.744,107.9,99.7,8.1,1.74,17.7,0.306,0.69,0.142,0.539,96.74,2001-02,10
1610612759,0.707,105.4,98.5,6.9,1.39,16.0,0.301,0.685,0.157,0.539,91.06,2001-02,4
1610612760,0.549,107.3,104.1,3.3,1.71,18.3,0.32,0.656,0.151,0.54,90.35,2001-02,2
1610612761,0.512,101.1,101.7,-0.6,1.52,16.9,0.343,0.671,0.158,0.501,90.02,2001-02,2
1610612762,0.537,103.8,102.9,0.9,1.48,18.4,0.362,0.683,0.178,0.529,91.75,2001-02,1
1610612764,0.451,102.9,104.5,-1.6,1.61,16.6,0.328,0.685,0.144,0.508,89.93,2001-02,0
1610612737,0.427,100.4,104.2,-3.8,1.23,16.0,0.3,0.681,0.178,0.527,92.63,2002-03,0
1610612738,0.537,100.0,100.5,-0.6,1.37,15.5,0.266,0.691,0.151,0.514,91.95,2002-03,4
1610612741,0.366,99.1,104.2,-5.1,1.28,16.5,0.307,0.672,0.177,0.512,94.76,2002-03,0
1610612739,0.207,95.2,105.1,-9.9,1.14,15.7,0.338,0.697,0.191,0.491,95.32,2002-03,0
1610612742,0.732,109.3,101.0,8.3,1.94,17.3,0.277,0.677,0.123,0.543,93.75,2002-03,10
1610612743,0.207,91.2,100.1,-8.9,1.15,16.3,0.345,0.697,0.2,0.469,92.11,2002-03,0
1610612765,0.61,102.4,98.2,4.2,1.47,16.2,0.294,0.707,0.151,0.523,88.26,2002-03,8
1610612744,0.463,106.4,107.7,-1.3,1.32,15.4,0.371,0.663,0.164,0.526,95.88,2002-03,0
1610612745,0.524,102.4,100.9,1.5,1.18,14.7,0.331,0.698,0.17,0.522,90.36,2002-03,0
1610612754,0.585,103.2,99.6,3.5,1.58,17.7,0.318,0.694,0.157,0.522,92.71,2002-03,2
1610612746,0.329,101.1,105.1,-4.0,1.24,15.4,0.316,0.673,0.17,0.516,92.68,2002-03,0
1610612747,0.61,105.6,103.4,2.2,1.6,17.4,0.328,0.693,0.153,0.528,93.78,2002-03,6
1610612763,0.341,102.3,105.9,-3.5,1.5,17.5,0.301,0.659,0.162,0.526,94.03,2002-03,0
1610612748,0.305,95.4,101.2,-5.8,1.29,15.0,0.306,0.709,0.159,0.483,88.93,2002-03,0
1610612749,0.512,107.2,106.9,0.3,1.75,17.4,0.287,0.666,0.137,0.543,91.76,2002-03,2
1610612750,0.622,104.8,102.5,2.2,1.84,19.0,0.31,0.695,0.146,0.528,93.08,2002-03,2
1610612751,0.598,102.1,96.6,5.4,1.56,17.6,0.317,0.702,0.158,0.518,93.0,2002-03,14
1610612740,0.573,102.4,100.0,2.4,1.49,17.0,0.345,0.697,0.161,0.511,90.72,2002-03,2
1610612752,0.451,103.3,104.6,-1.3,1.57,17.2,0.28,0.689,0.151,0.528,92.06,2002-03,0
1610612753,0.512,103.7,103.7,0.0,1.42,15.8,0.3,0.68,0.151,0.526,94.33,2002-03,3
1610612755,0.585,103.2,100.6,2.6,1.46,16.5,0.324,0.704,0.158,0.52,93.07,2002-03,6
1610612756,0.537,102.6,101.3,1.3,1.42,16.2,0.323,0.672,0.158,0.514,92.59,2002-03,2
1610612757,0.61,104.2,101.5,2.7,1.49,17.7,0.338,0.689,0.167,0.531,90.44,2002-03,3
1610612758,0.72,104.4,97.8,6.6,1.71,18.3,0.289,0.678,0.149,0.535,96.63,2002-03,7
1610612759,0.732,103.9,98.1,5.8,1.26,15.9,0.311,0.687,0.171,0.541,91.46,2002-03,16
1610612760,0.488,102.4,102.6,-0.2,1.64,17.2,0.314,0.688,0.147,0.512,89.17,2002-03,0
1610612761,0.293,99.3,105.6,-6.3,1.34,15.3,0.318,0.678,0.157,0.497,91.01,2002-03,0
1610612762,0.573,103.7,101.1,2.6,1.53,19.5,0.353,0.673,0.184,0.537,90.78,2002-03,1
1610612764,0.451,101.5,102.6,-1.1,1.47,15.9,0.305,0.686,0.148,0.513,89.46,2002-03,0
1610612737,0.341,99.1,103.9,-4.8,1.22,15.7,0.308,0.686,0.176,0.514,92.68,2003-04,0
1610612738,0.439,100.7,102.2,-1.5,1.26,16.1,0.279,0.658,0.172,0.532,94.47,2003-04,0
1610612741,0.28,95.6,102.1,-6.5,1.36,16.7,0.311,0.679,0.172,0.486,93.23,2003-04,0
1610612739,0.427,100.6,103.1,-2.6,1.49,16.9,0.34,0.688,0.16,0.498,91.71,2003-04,0
1610612742,0.634,110.4,105.9,4.5,1.96,17.7,0.335,0.686,0.128,0.536,94.62,2003-04,1
1610612743,0.524,102.4,101.4,1.0,1.4,16.5,0.337,0.664,0.164,0.517,94.64,2003-04,1
1610612765,0.659,100.3,93.9,6.5,1.37,16.6,0.332,0.686,0.168,0.511,89.34,2003-04,16
1610612744,0.451,101.5,102.6,-1.1,1.39,16.2,0.312,0.694,0.161,0.517,90.95,2003-04,0
1610612745,0.549,99.7,97.8,1.9,1.15,15.8,0.305,0.708,0.186,0.528,88.92,2003-04,1
1610612754,0.744,102.5,96.2,6.3,1.5,17.3,0.32,0.706,0.162,0.52,88.54,2003-04,10
1610612746,0.341,101.9,106.6,-4.7,1.23,15.5,0.362,0.677,0.176,0.512,92.49,2003-04,0
1610612747,0.683,104.2,100.1,4.1,1.72,17.9,0.313,0.701,0.146,0.522,93.39,2003-04,13
1610612763,0.61,103.4,100.8,2.6,1.56,17.7,0.325,0.655,0.16,0.522,92.6,2003-04,0
1610612748,0.512,100.6,100.3,0.3,1.38,15.6,0.307,0.707,0.154,0.51,89.3,2003-04,6
1610612749,0.5,104.6,103.5,1.1,1.69,17.5,0.308,0.69,0.144,0.528,93.2,2003-04,1
1610612750,0.707,104.2,98.5,5.7,1.81,18.2,0.303,0.691,0.14,0.528,90.24,2003-04,10
1610612751,0.573,99.0,96.4,2.6,1.66,19.1,0.289,0.711,0.162,0.515,90.97,2003-04,7
1610612740,0.5,100.7,100.6,0.1,1.4,16.4,0.332,0.681,0.164,0.505,90.59,2003-04,3
1610612752,0.476,99.7,101.3,-1.6,1.31,16.4,0.307,0.701,0.17,0.518,91.29,2003-04,0
1610612753,0.256,101.4,108.8,-7.4,1.41,15.2,0.315,0.657,0.148,0.504,92.14,2003-04,0
1610612755,0.402,97.8,100.4,-2.6,1.25,16.1,0.313,0.681,0.177,0.505,89.26,2003-04,0
1610612756,0.354,100.3,104.2,-3.8,1.27,15.3,0.297,0.661,0.162,0.515,93.72,2003-04,0
1610612757,0.5,102.1,103.5,-1.5,1.46,17.2,0.344,0.67,0.166,0.515,87.54,2003-04,0
1610612758,0.671,108.6,103.2,5.4,1.89,19.6,0.292,0.676,0.146,0.554,94.25,2003-04,7
1610612759,0.695,101.0,93.1,7.9,1.39,16.3,0.319,0.71,0.162,0.511,90.23,2003-04,6
1610612760,0.451,105.6,106.4,-0.8,1.5,17.1,0.302,0.655,0.158,0.54,91.34,2003-04,0
1610612761,0.402,95.3,98.8,-3.4,1.35,15.9,0.27,0.673,0.159,0.495,88.24,2003-04,0
1610612762,0.512,100.0,101.3,-1.3,1.22,16.3,0.373,0.691,0.188,0.509,88.26,2003-04,0
1610612764,0.305,97.2,102.9,-5.7,1.07,14.5,0.333,0.667,0.186,0.5,93.9,2003-04,0
1610612737,0.159,98.8,109.0,-10.2,1.22,15.3,0.326,0.696,0.171,0.504,93.09,2004-05,0
1610612738,0.549,105.9,105.1,0.8,1.4,16.9,0.305,0.671,0.165,0.551,94.61,2004-05,3
1610612766,0.22,99.8,106.0,-6.2,1.51,16.5,0.327,0.676,0.154,0.497,93.54,2004-05,0
1610612741,0.573,100.5,99.1,1.4,1.27,16.4,0.317,0.691,0.178,0.517,93.41,2004-05,2
1610612739,0.512,105.3,104.7,0.6,1.62,17.3,0.354,0.674,0.152,0.518,90.72,2004-05,0
1610612742,0.707,108.5,102.6,5.9,1.46,15.3,0.319,0.674,0.142,0.545,94.18,2004-05,6
1610612743,0.598,104.7,102.6,2.2,1.6,18.0,0.313,0.678,0.157,0.535,94.68,2004-05,1
1610612765,0.659,103.9,99.6,4.3,1.58,17.2,0.34,0.693,0.154,0.519,88.59,2004-05,15
1610612744,0.415,103.4,105.5,-2.2,1.63,16.6,0.303,0.666,0.142,0.512,94.45,2004-05,0
1610612745,0.622,104.4,100.1,4.3,1.53,16.9,0.301,0.713,0.152,0.534,90.18,2004-05,3
1610612754,0.537,103.7,102.7,1.0,1.27,15.1,0.296,0.687,0.16,0.534,88.71,2004-05,6
1610612746,0.451,103.8,104.5,-0.8,1.47,17.9,0.338,0.687,0.171,0.533,90.66,2004-05,0
1610612747,0.415,106.4,109.6,-3.2,1.42,15.9,0.324,0.68,0.155,0.535,92.34,2004-05,0
1610612763,0.549,104.2,101.5,2.7,1.43,16.9,0.308,0.663,0.163,0.535,89.65,2004-05,0
1610612748,0.72,108.9,102.2,6.7,1.59,17.1,0.297,0.698,0.147,0.559,91.73,2004-05,11
1610612749,0.366,105.1,108.1,-3.0,1.52,16.4,0.322,0.687,0.149,0.527,92.14,2004-05,0
1610612750,0.537,106.6,105.0,1.6,1.78,18.3,0.321,0.682,0.145,0.534,90.39,2004-05,0
1610612751,0.512,99.9,101.6,-1.7,1.52,17.1,0.298,0.701,0.155,0.512,90.41,2004-05,0
1610612740,0.22,98.2,105.9,-7.7,1.42,16.6,0.329,0.675,0.165,0.493,88.97,2004-05,0
1610612752,0.402,104.5,107.2,-2.7,1.38,15.9,0.316,0.686,0.158,0.531,92.12,2004-05,0
1610612753,0.439,103.4,105.7,-2.3,1.2,14.8,0.328,0.682,0.168,0.529,96.15,2004-05,0
1610612755,0.524,101.8,102.5,-0.7,1.34,15.9,0.281,0.703,0.16,0.528,96.56,2004-05,1
1610612756,0.756,112.7,105.7,7.0,1.71,17.4,0.304,0.656,0.14,0.571,97.35,2004-05,9
1610612757,0.329,101.9,106.1,-4.3,1.32,16.6,0.331,0.65,0.175,0.524,91.05,2004-05,0
1610612758,0.61,108.8,106.5,2.3,1.87,18.2,0.315,0.667,0.137,0.541,94.52,2004-05,1
1610612759,0.72,106.1,97.8,8.3,1.57,17.1,0.321,0.697,0.151,0.534,89.96,2004-05,16
1610612760,0.634,110.3,108.0,2.3,1.34,14.7,0.357,0.681,0.151,0.546,89.24,2004-05,6
1610612761,0.402,105.4,107.2,-1.8,1.54,16.0,0.269,0.682,0.14,0.539,94.01,2004-05,0
1610612762,0.317,102.9,107.3,-4.4,1.41,17.4,0.351,0.695,0.174,0.522,90.02,2004-05,0
1610612764,0.549,105.4,105.9,-0.4,1.33,14.6,0.338,0.667,0.15,0.523,94.8,2004-05,4
1610612737,0.317,104.8,110.1,-5.3,1.27,15.5,0.334,0.667,0.169,0.534,91.75,2005-06,0
1610612738,0.402,104.0,105.6,-1.5,1.26,16.4,0.289,0.694,0.176,0.551,93.27,2005-06,0
1610612766,0.317,101.2,105.6,-4.4,1.47,15.9,0.305,0.678,0.149,0.509,94.57,2005-06,0
1610612741,0.5,103.3,102.7,0.7,1.47,16.9,0.303,0.703,0.158,0.527,93.59,2005-06,2
1610612739,0.61,106.6,104.4,2.1,1.37,15.3,0.313,0.717,0.151,0.538,90.77,2005-06,7
1610612742,0.732,109.9,103.2,6.7,1.32,14.6,0.347,0.69,0.15,0.55,89.3,2005-06,14
1610612743,0.537,104.4,104.1,0.3,1.58,17.6,0.3,0.682,0.154,0.535,94.9,2005-06,1
1610612765,0.78,109.3,101.7,7.6,2.12,18.9,0.317,0.68,0.128,0.535,87.98,2005-06,10
1610612744,0.415,103.5,104.9,-1.4,1.47,15.9,0.296,0.686,0.148,0.521,94.43,2005-06,0
1610612745,0.415,100.4,102.1,-1.7,1.32,15.8,0.291,0.705,0.162,0.519,89.07,2005-06,0
1610612754,0.5,103.1,101.0,2.0,1.3,16.0,0.304,0.699,0.168,0.533,90.85,2005-06,2
1610612746,0.573,103.8,102.2,1.6,1.44,16.5,0.286,0.719,0.154,0.54,92.99,2005-06,7
1610612747,0.549,106.8,104.2,2.6,1.52,16.5,0.316,0.701,0.15,0.539,92.22,2005-06,3
1610612763,0.598,104.5,100.4,4.1,1.4,16.1,0.298,0.69,0.157,0.537,87.39,2005-06,0
1610612748,0.634,107.5,103.4,4.1,1.43,16.4,0.297,0.726,0.156,0.556,92.56,2005-06,16
1610612749,0.488,104.9,105.9,-1.0,1.48,16.8,0.309,0.713,0.157,0.535,92.45,2005-06,1
1610612750,0.402,101.5,103.5,-2.0,1.44,16.9,0.296,0.673,0.16,0.524,89.58,2005-06,0
1610612751,0.598,102.4,100.9,1.5,1.68,18.2,0.274,0.73,0.149,0.528,91.17,2005-06,5
1610612740,0.463,102.3,105.1,-2.8,1.39,15.1,0.297,0.709,0.147,0.515,90.32,2005-06,0
1610612752,0.28,102.7,109.3,-6.6,1.01,14.2,0.342,0.697,0.19,0.534,92.03,2005-06,0
1610612753,0.439,105.3,106.6,-1.3,1.21,15.0,0.33,0.691,0.168,0.543,89.12,2005-06,0
1610612755,0.463,104.7,106.5,-1.8,1.43,15.8,0.285,0.676,0.149,0.538,93.91,2005-06,0
1610612756,0.659,110.2,104.7,5.4,2.0,19.5,0.256,0.69,0.135,0.568,96.92,2005-06,10
1610612757,0.256,99.7,110.3,-10.7,1.24,15.1,0.308,0.657,0.165,0.511,88.88,2005-06,0
1610612758,0.537,105.3,103.5,1.8,1.52,17.3,0.289,0.694,0.156,0.544,93.26,2005-06,2
1610612759,0.768,106.2,98.7,7.5,1.52,17.0,0.289,0.708,0.153,0.546,89.41,2005-06,7
1610612760,0.427,109.4,112.7,-3.3,1.4,16.0,0.34,0.659,0.157,0.551,93.04,2005-06,0
1610612761,0.329,107.9,111.2,-3.2,1.49,15.5,0.286,0.697,0.139,0.548,92.33,2005-06,0
1610612762,0.5,102.4,105.1,-2.7,1.37,16.9,0.356,0.702,0.174,0.519,89.4,2005-06,0
1610612764,0.512,107.7,105.8,1.9,1.33,14.5,0.329,0.679,0.148,0.538,93.68,2005-06,2
1610612737,0.366,102.0,107.0,-5.1,1.2,15.3,0.328,0.676,0.173,0.523,90.98,2006-07,0
1610612738,0.293,102.3,105.8,-3.5,1.21,15.6,0.309,0.705,0.176,0.53,92.91,2006-07,0
1610612766,0.402,102.4,106.3,-3.9,1.5,17.1,0.299,0.682,0.158,0.524,93.11,2006-07,0
1610612741,0.598,104.0,98.8,5.2,1.4,17.0,0.319,0.707,0.168,0.534,94.47,2006-07,6
1610612739,0.61,104.4,100.6,3.8,1.45,16.2,0.327,0.721,0.155,0.522,91.59,2006-07,12
1610612742,0.817,109.7,102.1,7.6,1.43,16.0,0.32,0.719,0.152,0.559,90.68,2006-07,2
1610612743,0.549,106.7,105.1,1.7,1.42,17.1,0.322,0.678,0.167,0.548,98.2,2006-07,1
1610612765,0.646,107.4,102.6,4.8,1.77,17.3,0.307,0.678,0.137,0.535,88.56,2006-07,10
1610612744,0.512,106.2,106.5,-0.3,1.49,17.3,0.285,0.662,0.159,0.548,99.97,2006-07,5
1610612745,0.634,104.7,99.7,4.9,1.47,16.5,0.287,0.725,0.153,0.54,91.7,2006-07,3
1610612754,0.427,101.9,104.4,-2.5,1.26,15.9,0.321,0.694,0.173,0.523,93.43,2006-07,0
1610612746,0.488,103.8,104.2,-0.4,1.42,17.0,0.307,0.712,0.164,0.537,91.92,2006-07,0
1610612747,0.512,107.3,107.5,-0.2,1.45,17.1,0.3,0.69,0.161,0.554,94.58,2006-07,1
1610612763,0.268,105.7,110.9,-5.2,1.25,15.9,0.291,0.682,0.17,0.555,94.77,2006-07,0
1610612748,0.537,103.4,104.6,-1.2,1.4,16.6,0.279,0.693,0.16,0.541,90.61,2006-07,0
1610612749,0.341,106.0,110.3,-4.3,1.43,16.7,0.306,0.657,0.161,0.541,93.33,2006-07,0
1610612750,0.39,102.4,106.5,-4.0,1.45,17.5,0.292,0.698,0.166,0.537,92.19,2006-07,0
1610612751,0.5,104.2,105.1,-0.9,1.62,18.5,0.275,0.714,0.158,0.546,92.69,2006-07,6
1610612740,0.476,103.7,105.4,-1.6,1.29,14.9,0.318,0.719,0.157,0.52,91.19,2006-07,0
1610612752,0.402,104.3,107.4,-3.1,1.09,14.7,0.337,0.714,0.183,0.539,91.89,2006-07,0
1610612753,0.488,104.1,103.3,0.8,1.1,15.1,0.333,0.697,0.186,0.544,90.54,2006-07,0
1610612755,0.427,102.4,105.6,-3.2,1.33,16.1,0.306,0.678,0.165,0.53,91.84,2006-07,0
1610612756,0.744,112.9,105.5,7.4,1.78,19.3,0.262,0.683,0.149,0.59,96.45,2006-07,6
1610612757,0.39,103.8,108.6,-4.8,1.22,15.0,0.326,0.697,0.166,0.53,89.36,2006-07,0
1610612758,0.402,105.1,106.7,-1.6,1.39,15.8,0.267,0.692,0.151,0.545,95.83,2006-07,0
1610612759,0.707,108.6,99.4,9.2,1.6,17.8,0.279,0.715,0.153,0.561,90.22,2006-07,16
1610612760,0.378,105.9,108.9,-3.0,1.34,16.2,0.312,0.676,0.165,0.544,92.92,2006-07,0
1610612761,0.573,105.7,104.4,1.2,1.65,17.5,0.25,0.711,0.143,0.55,93.86,2006-07,2
1610612762,0.622,108.6,105.6,3.0,1.58,18.5,0.352,0.721,0.167,0.551,92.81,2006-07,9
1610612764,0.5,108.7,109.1,-0.4,1.47,15.5,0.312,0.678,0.144,0.542,95.33,2006-07,0
1610612737,0.451,105.5,107.3,-1.8,1.48,17.0,0.329,0.682,0.16,0.535,92.35,2007-08,3
1610612738,0.805,108.8,98.1,10.8,1.47,17.6,0.306,0.707,0.164,0.569,91.88,2007-08,16
1610612766,0.39,103.7,108.2,-4.5,1.45,16.6,0.294,0.674,0.157,0.532,92.75,2007-08,0
1610612741,0.402,102.9,106.0,-3.1,1.51,16.7,0.325,0.687,0.154,0.515,94.04,2007-08,0
1610612739,0.549,104.8,105.4,-0.6,1.43,15.7,0.334,0.715,0.152,0.52,91.06,2007-08,7
1610612742,0.622,109.5,104.7,4.8,1.66,16.7,0.3,0.716,0.138,0.554,91.38,2007-08,1
1610612743,0.61,108.9,105.5,3.4,1.68,17.7,0.292,0.686,0.144,0.557,100.58,2007-08,0
1610612765,0.72,109.8,101.5,8.3,1.92,17.8,0.327,0.7,0.131,0.539,88.54,2007-08,10
1610612744,0.585,110.4,108.5,1.9,1.69,16.3,0.301,0.672,0.131,0.548,99.96,2007-08,0
1610612745,0.671,105.4,100.5,4.8,1.56,16.8,0.323,0.711,0.15,0.528,91.42,2007-08,2
1610612754,0.439,105.1,106.3,-1.2,1.51,16.9,0.278,0.701,0.152,0.54,98.64,2007-08,0
1610612746,0.28,99.9,107.4,-7.5,1.47,16.7,0.267,0.703,0.153,0.519,93.38,2007-08,0
1610612747,0.695,111.7,104.3,7.3,1.73,18.1,0.297,0.702,0.145,0.57,96.7,2007-08,14
1610612763,0.268,103.9,110.2,-6.3,1.26,14.9,0.277,0.706,0.157,0.539,96.33,2007-08,0
1610612748,0.183,99.4,108.8,-9.4,1.37,16.3,0.264,0.681,0.159,0.522,91.24,2007-08,0
1610612749,0.317,103.9,111.1,-7.2,1.45,16.5,0.332,0.694,0.158,0.522,92.61,2007-08,0
1610612750,0.268,102.7,110.0,-7.3,1.37,15.6,0.314,0.703,0.156,0.518,92.84,2007-08,0
1610612751,0.415,102.3,107.7,-5.4,1.57,18.0,0.3,0.706,0.16,0.528,92.96,2007-08,0
1610612740,0.683,110.0,104.4,5.6,1.83,17.2,0.3,0.717,0.13,0.548,91.04,2007-08,7
1610612752,0.28,103.5,110.4,-6.8,1.29,14.7,0.321,0.697,0.155,0.518,92.76,2007-08,0
1610612753,0.634,110.4,104.9,5.6,1.45,16.4,0.274,0.709,0.151,0.575,94.02,2007-08,5
1610612755,0.488,105.1,104.7,0.5,1.43,15.9,0.351,0.688,0.156,0.522,91.56,2007-08,2
1610612756,0.671,112.0,107.0,5.0,1.85,19.7,0.253,0.674,0.147,0.59,97.72,2007-08,1
1610612757,0.5,105.9,106.8,-0.8,1.64,17.0,0.303,0.684,0.143,0.532,89.1,2007-08,0
1610612758,0.463,106.2,108.6,-2.4,1.19,14.9,0.29,0.689,0.166,0.556,95.81,2007-08,0
1610612759,0.683,106.0,100.7,5.3,1.66,17.1,0.268,0.733,0.14,0.543,89.72,2007-08,9
1610612760,0.244,99.6,108.3,-8.6,1.33,15.9,0.305,0.7,0.163,0.509,97.32,2007-08,0
1610612761,0.5,108.9,105.6,3.3,2.04,18.7,0.269,0.709,0.127,0.551,91.35,2007-08,1
1610612762,0.659,112.1,104.9,7.2,1.8,19.6,0.327,0.71,0.154,0.573,94.64,2007-08,6
1610612764,0.524,107.6,107.9,-0.3,1.49,15.6,0.32,0.695,0.144,0.535,90.85,2007-08,2
1610612737,0.573,108.3,106.7,1.7,1.58,16.4,0.295,0.682,0.141,0.546,90.44,2008-09,4
1610612738,0.756,109.5,101.6,7.9,1.45,17.8,0.314,0.715,0.169,0.571,91.15,2008-09,7
1610612766,0.427,103.7,105.0,-1.3,1.36,17.0,0.321,0.686,0.173,0.536,89.18,2008-09,0
1610612741,0.5,107.2,107.5,-0.3,1.45,16.1,0.321,0.675,0.153,0.541,94.1,2008-09,3
1610612739,0.805,111.2,101.6,9.6,1.59,16.4,0.306,0.707,0.141,0.56,89.61,2008-09,10
1610612742,0.61,109.0,107.0,2.0,1.71,17.0,0.297,0.707,0.136,0.55,92.68,2008-09,5
1610612743,0.659,109.0,105.6,3.4,1.45,16.9,0.311,0.683,0.16,0.563,95.39,2008-09,10
1610612765,0.476,105.8,106.4,-0.6,1.74,16.7,0.311,0.711,0.133,0.524,88.02,2008-09,0
1610612744,0.354,108.0,111.7,-3.7,1.42,15.4,0.293,0.652,0.146,0.549,99.57,2008-09,0
1610612745,0.646,107.1,102.9,4.2,1.44,16.2,0.308,0.714,0.154,0.548,91.23,2008-09,7
1610612754,0.439,107.2,108.2,-1.0,1.49,16.3,0.291,0.707,0.148,0.545,97.34,2008-09,0
1610612746,0.232,101.0,110.1,-9.2,1.41,16.4,0.287,0.679,0.158,0.52,93.3,2008-09,0
1610612747,0.793,111.4,103.5,7.9,1.73,17.3,0.326,0.698,0.14,0.555,95.49,2008-09,16
1610612763,0.293,102.3,108.2,-6.0,1.14,14.2,0.297,0.697,0.166,0.533,91.22,2008-09,0
1610612748,0.524,106.8,106.5,0.3,1.63,16.3,0.282,0.693,0.136,0.54,90.8,2008-09,3
1610612749,0.415,105.2,106.3,-1.1,1.56,16.8,0.31,0.699,0.149,0.531,93.89,2008-09,0
1610612750,0.293,104.9,109.9,-5.0,1.44,15.9,0.321,0.717,0.152,0.526,92.76,2008-09,0
1610612751,0.415,106.8,109.5,-2.7,1.52,16.0,0.288,0.703,0.143,0.543,91.12,2008-09,0
1610612740,0.598,107.6,105.8,1.8,1.56,16.3,0.282,0.707,0.141,0.548,88.74,2008-09,1
1610612752,0.39,107.0,109.4,-2.5,1.48,16.0,0.277,0.696,0.146,0.544,97.82,2008-09,0
1610612760,0.28,101.4,107.6,-6.2,1.25,15.6,0.309,0.716,0.17,0.521,95.1,2008-09,0
1610612753,0.72,108.3,101.3,7.1,1.39,15.6,0.273,0.717,0.149,0.559,92.99,2008-09,13
1610612755,0.5,106.3,106.1,0.2,1.42,15.8,0.342,0.68,0.154,0.532,91.3,2008-09,2
1610612756,0.561,112.4,110.4,2.0,1.48,17.4,0.308,0.682,0.161,0.584,96.99,2008-09,0
1610612757,0.659,112.1,106.1,6.0,1.58,16.4,0.355,0.708,0.145,0.553,88.02,2008-09,2
1610612758,0.207,104.4,113.4,-9.0,1.28,15.3,0.289,0.669,0.16,0.542,95.29,2008-09,0
1610612759,0.659,107.6,103.4,4.2,1.8,17.3,0.258,0.74,0.13,0.548,89.19,2008-09,1
1610612761,0.402,105.5,108.6,-3.0,1.67,17.5,0.276,0.706,0.143,0.542,93.26,2008-09,0
1610612762,0.585,108.5,105.8,2.7,1.67,18.4,0.316,0.693,0.155,0.554,94.47,2008-09,1
1610612764,0.232,104.0,112.1,-8.1,1.43,15.8,0.313,0.689,0.151,0.524,92.26,2008-09,0
1610612737,0.646,111.0,106.0,4.9,1.83,17.1,0.32,0.685,0.13,0.545,90.77,2009-10,4
1610612738,0.61,106.9,103.2,3.7,1.58,18.5,0.274,0.697,0.16,0.564,92.22,2009-10,15
1610612766,0.537,103.9,102.0,1.9,1.29,16.1,0.315,0.698,0.172,0.538,90.91,2009-10,0
1610612741,0.5,102.6,104.2,-1.6,1.45,16.0,0.303,0.709,0.151,0.52,94.02,2009-10,1
1610612739,0.744,110.6,103.8,6.8,1.61,17.7,0.293,0.725,0.15,0.57,91.77,2009-10,6
1610612742,0.671,107.8,105.0,2.8,1.81,18.0,0.279,0.697,0.137,0.552,93.6,2009-10,2
1610612743,0.646,110.8,106.5,4.4,1.51,16.1,0.304,0.687,0.144,0.561,95.61,2009-10,2
1610612765,0.329,104.5,110.3,-5.9,1.45,15.5,0.346,0.697,0.149,0.515,89.46,2009-10,0
1610612744,0.317,107.0,110.3,-3.3,1.53,16.5,0.254,0.659,0.144,0.557,101.52,2009-10,0
1610612745,0.512,106.8,106.8,0.0,1.51,16.5,0.309,0.699,0.151,0.537,94.91,2009-10,0
1610612754,0.39,103.0,106.0,-3.0,1.4,16.1,0.255,0.69,0.154,0.536,97.77,2009-10,0
1610612746,0.354,102.3,109.1,-6.8,1.41,17.1,0.305,0.697,0.168,0.529,93.44,2009-10,0
1610612747,0.695,107.6,102.7,4.9,1.58,16.2,0.314,0.708,0.141,0.538,93.73,2009-10,16
1610612763,0.488,107.5,109.0,-1.5,1.24,14.4,0.355,0.698,0.16,0.536,94.29,2009-10,0
1610612748,0.573,105.7,103.4,2.4,1.43,15.4,0.294,0.701,0.144,0.537,90.3,2009-10,1
1610612749,0.561,104.0,101.9,2.1,1.6,16.4,0.298,0.726,0.141,0.518,92.6,2009-10,3
1610612750,0.183,100.6,110.4,-9.8,1.22,15.0,0.308,0.705,0.167,0.518,97.12,2009-10,0
1610612751,0.146,99.3,108.9,-9.6,1.3,15.1,0.285,0.686,0.155,0.509,92.65,2009-10,0
1610612740,0.451,106.5,108.9,-2.4,1.66,17.3,0.282,0.696,0.143,0.543,93.53,2009-10,0
1610612752,0.354,106.4,110.3,-4.0,1.54,16.6,0.268,0.691,0.146,0.547,95.03,2009-10,0
1610612760,0.61,107.0,103.5,3.5,1.34,15.5,0.32,0.694,0.158,0.547,94.13,2009-10,2
1610612753,0.72,110.7,102.8,7.9,1.4,15.8,0.28,0.726,0.152,0.573,92.54,2009-10,10
1610612755,0.329,104.8,108.9,-4.1,1.45,16.4,0.31,0.693,0.156,0.534,92.72,2009-10,0
1610612756,0.659,113.9,109.1,4.8,1.58,17.5,0.311,0.673,0.152,0.585,96.43,2009-10,10
1610612757,0.61,109.6,106.1,3.5,1.65,16.6,0.32,0.702,0.138,0.547,88.64,2009-10,2
1610612758,0.305,104.4,109.1,-4.7,1.37,15.7,0.315,0.7,0.156,0.528,94.78,2009-10,0
1610612759,0.61,109.3,103.9,5.4,1.64,17.4,0.303,0.72,0.147,0.552,92.26,2009-10,4
1610612761,0.488,110.2,112.2,-2.0,1.64,17.1,0.288,0.692,0.142,0.564,93.94,2009-10,0
1610612762,0.646,109.7,104.0,5.7,1.76,19.8,0.313,0.718,0.16,0.565,94.68,2009-10,4
1610612764,0.317,103.1,108.3,-5.3,1.28,15.0,0.317,0.691,0.159,0.524,92.6,2009-10,0
1610612737,0.537,105.1,105.8,-0.7,1.61,17.7,0.274,0.71,0.151,0.542,90.22,2010-11,6
1610612738,0.683,105.5,99.8,5.7,1.61,18.8,0.257,0.709,0.159,0.561,90.92,2010-11,5
1610612766,0.415,102.8,107.0,-4.2,1.45,16.9,0.298,0.705,0.16,0.528,90.3,2010-11,0
1610612741,0.756,107.2,99.5,7.8,1.57,17.3,0.332,0.717,0.154,0.541,91.2,2010-11,9
1610612739,0.232,101.5,110.9,-9.5,1.48,16.4,0.283,0.699,0.151,0.518,93.76,2010-11,0
1610612742,0.695,108.4,104.1,4.4,1.71,18.7,0.278,0.713,0.151,0.565,92.24,2010-11,16
1610612743,0.61,111.7,106.8,4.9,1.57,17.0,0.283,0.716,0.147,0.574,96.06,2010-11,1
1610612765,0.366,107.0,110.7,-3.7,1.62,16.8,0.317,0.681,0.144,0.533,89.79,2010-11,0
1610612744,0.439,107.1,109.4,-2.3,1.54,17.0,0.3,0.659,0.151,0.544,95.85,2010-11,0
1610612745,0.524,110.2,107.9,2.3,1.76,17.8,0.315,0.69,0.141,0.55,95.14,2010-11,0
1610612754,0.451,104.1,105.0,-0.9,1.28,15.2,0.297,0.703,0.16,0.533,95.5,2010-11,1
1610612746,0.39,104.8,108.0,-3.2,1.35,16.9,0.33,0.692,0.174,0.535,93.35,2010-11,0
1610612747,0.695,109.6,103.3,6.3,1.68,17.0,0.325,0.692,0.141,0.545,91.78,2010-11,4
1610612763,0.561,107.0,104.5,2.5,1.48,16.0,0.333,0.682,0.15,0.534,92.42,2010-11,7
1610612748,0.707,110.6,102.9,7.8,1.44,16.1,0.287,0.715,0.151,0.573,91.63,2010-11,14
1610612749,0.427,100.8,101.5,-0.8,1.4,15.3,0.287,0.71,0.148,0.511,90.57,2010-11,0
1610612750,0.207,103.2,109.9,-6.7,1.18,15.0,0.336,0.698,0.174,0.526,97.49,2010-11,0
1610612751,0.293,102.1,108.9,-6.8,1.5,16.6,0.304,0.7,0.152,0.517,90.7,2010-11,0
1610612740,0.561,105.4,104.4,1.0,1.58,16.8,0.289,0.721,0.145,0.537,89.4,2010-11,2
1610612752,0.512,109.9,109.0,1.0,1.56,16.4,0.273,0.676,0.141,0.561,96.47,2010-11,0
1610612760,0.671,109.9,105.9,3.9,1.45,15.8,0.306,0.697,0.148,0.561,93.84,2010-11,9
1610612753,0.634,107.4,101.8,5.6,1.34,15.9,0.304,0.723,0.162,0.554,91.55,2010-11,2
1610612755,0.5,105.3,103.8,1.5,1.75,17.6,0.278,0.714,0.138,0.535,92.78,2010-11,1
1610612756,0.488,108.6,109.4,-0.8,1.66,17.9,0.275,0.681,0.147,0.559,95.18,2010-11,0
1610612757,0.585,107.3,105.7,1.6,1.62,16.9,0.331,0.682,0.145,0.533,89.13,2010-11,2
1610612758,0.293,102.9,108.4,-5.5,1.27,15.4,0.334,0.702,0.167,0.519,95.76,2010-11,0
1610612759,0.744,110.5,104.4,6.1,1.67,17.5,0.276,0.711,0.143,0.567,93.34,2010-11,2
1610612761,0.268,105.2,111.7,-6.5,1.49,16.8,0.314,0.685,0.156,0.533,93.78,2010-11,0
1610612762,0.476,107.0,108.8,-1.8,1.63,18.0,0.314,0.679,0.154,0.544,92.03,2010-11,0
1610612764,0.28,101.3,109.1,-7.8,1.27,14.9,0.317,0.671,0.16,0.513,94.76,2010-11,0
1610612737,0.606,104.2,100.4,3.8,1.61,17.6,0.279,0.703,0.151,0.535,90.88,2011-12,2
1610612738,0.591,100.1,97.5,2.6,1.59,18.8,0.245,0.686,0.162,0.535,91.11,2011-12,11
1610612766,0.106,94.4,109.4,-15.0,1.39,16.0,0.285,0.678,0.157,0.483,91.86,2011-12,0
1610612741,0.758,106.3,97.5,8.8,1.65,17.7,0.361,0.703,0.154,0.523,89.98,2011-12,2
1610612739,0.318,100.0,107.6,-7.6,1.29,15.4,0.323,0.683,0.166,0.505,92.34,2011-12,0
1610612742,0.545,102.1,100.9,1.1,1.49,16.5,0.268,0.714,0.149,0.527,92.61,2011-12,0
1610612743,0.576,108.3,105.1,3.2,1.56,17.9,0.316,0.705,0.16,0.556,95.03,2011-12,3
1610612765,0.379,100.0,105.0,-5.0,1.19,15.1,0.322,0.689,0.172,0.51,90.31,2011-12,0
1610612744,0.348,103.9,107.3,-3.4,1.61,17.4,0.256,0.658,0.147,0.539,93.78,2011-12,0
1610612745,0.515,104.2,104.0,0.2,1.47,16.4,0.309,0.692,0.154,0.529,92.82,2011-12,0
1610612754,0.636,105.5,102.1,3.3,1.33,14.7,0.333,0.689,0.151,0.526,91.68,2011-12,6
1610612746,0.606,107.5,104.8,2.7,1.58,16.6,0.331,0.692,0.147,0.533,89.98,2011-12,4
1610612747,0.621,104.5,103.2,1.3,1.49,17.3,0.327,0.719,0.162,0.534,91.72,2011-12,5
1610612763,0.621,102.8,100.6,2.2,1.35,15.4,0.335,0.688,0.157,0.515,91.82,2011-12,3
1610612748,0.697,105.6,99.2,6.4,1.31,15.9,0.299,0.693,0.163,0.549,92.07,2011-12,16
1610612749,0.47,104.5,104.1,0.4,1.67,17.6,0.314,0.675,0.148,0.521,94.68,2011-12,0
1610612750,0.394,103.1,105.3,-2.2,1.29,15.1,0.311,0.693,0.16,0.524,94.44,2011-12,0
1610612751,0.333,101.8,108.1,-6.3,1.32,15.8,0.314,0.677,0.165,0.516,91.26,2011-12,0
1610612740,0.318,99.9,103.9,-4.0,1.34,16.8,0.31,0.696,0.173,0.517,89.27,2011-12,0
1610612752,0.545,103.5,100.2,3.2,1.26,15.6,0.309,0.702,0.169,0.533,93.91,2011-12,1
1610612760,0.712,108.4,102.1,6.3,1.13,14.6,0.304,0.687,0.172,0.567,94.11,2011-12,13
1610612753,0.561,104.0,103.4,0.6,1.34,16.1,0.306,0.72,0.165,0.533,89.75,2011-12,1
1610612755,0.53,102.7,98.2,4.6,1.97,17.5,0.277,0.712,0.123,0.511,90.68,2011-12,7
1610612756,0.5,105.2,105.2,-0.1,1.6,17.4,0.294,0.687,0.15,0.536,93.61,2011-12,0
1610612757,0.424,104.4,105.3,-0.9,1.44,16.1,0.303,0.691,0.152,0.531,92.24,2011-12,0
1610612758,0.333,102.9,108.7,-5.8,1.34,14.7,0.321,0.67,0.15,0.51,95.56,2011-12,0
1610612759,0.758,110.0,102.3,7.7,1.71,17.8,0.282,0.72,0.144,0.562,93.67,2011-12,10
1610612761,0.348,99.6,103.6,-3.9,1.38,16.8,0.294,0.708,0.167,0.518,90.19,2011-12,0
1610612762,0.545,105.5,104.9,0.5,1.54,16.6,0.34,0.703,0.15,0.525,92.53,2011-12,0
1610612764,0.303,100.0,104.9,-5.0,1.25,15.1,0.308,0.678,0.163,0.508,93.59,2011-12,0
1610612737,0.537,103.7,103.4,0.3,1.65,18.8,0.254,0.701,0.157,0.546,93.56,2012-13,2
1610612738,0.506,102.2,102.6,-0.5,1.56,17.9,0.246,0.69,0.154,0.542,92.46,2012-13,2
1610612751,0.598,106.9,104.8,2.0,1.38,16.1,0.343,0.701,0.162,0.536,89.88,2012-13,3
1610612766,0.256,100.4,110.3,-9.9,1.38,15.3,0.305,0.679,0.151,0.507,92.49,2012-13,0
1610612741,0.549,102.4,101.9,0.5,1.61,17.8,0.332,0.699,0.157,0.512,90.35,2012-13,5
1610612739,0.293,103.2,108.2,-5.0,1.47,15.9,0.326,0.695,0.15,0.514,93.25,2012-13,0
1610612742,0.5,104.7,105.4,-0.6,1.67,17.7,0.259,0.698,0.144,0.544,95.09,2012-13,0
1610612743,0.695,109.3,104.2,5.1,1.6,17.8,0.345,0.675,0.157,0.549,95.92,2012-13,2
1610612765,0.354,102.7,107.2,-4.5,1.4,16.6,0.324,0.695,0.164,0.521,91.68,2012-13,0
1610612744,0.573,105.1,104.2,0.9,1.49,17.1,0.285,0.712,0.157,0.545,95.64,2012-13,6
1610612745,0.549,108.8,105.3,3.5,1.41,17.3,0.305,0.71,0.169,0.564,96.89,2012-13,2
1610612754,0.605,103.4,99.0,4.4,1.34,16.0,0.336,0.701,0.165,0.521,90.9,2012-13,11
1610612746,0.683,109.8,102.8,6.9,1.64,18.4,0.323,0.697,0.159,0.557,91.83,2012-13,2
1610612747,0.549,107.0,105.9,1.1,1.48,16.8,0.309,0.702,0.157,0.548,95.08,2012-13,0
1610612763,0.683,103.6,99.1,4.5,1.5,16.5,0.344,0.702,0.155,0.514,89.56,2012-13,8
1610612748,0.805,111.4,103.2,8.2,1.65,18.4,0.264,0.678,0.151,0.588,91.26,2012-13,16
1610612749,0.463,102.5,104.2,-1.7,1.62,17.0,0.315,0.678,0.146,0.51,95.65,2012-13,0
1610612750,0.378,101.8,104.0,-2.2,1.51,17.1,0.312,0.702,0.157,0.516,93.94,2012-13,0
1610612740,0.329,104.5,108.9,-4.4,1.44,16.7,0.332,0.705,0.162,0.528,89.5,2012-13,0
1610612752,0.659,109.8,105.4,4.5,1.6,15.6,0.291,0.708,0.132,0.55,90.68,2012-13,6
1610612760,0.732,111.0,101.2,9.9,1.4,16.6,0.291,0.702,0.16,0.58,94.58,2012-13,5
1610612753,0.244,100.9,108.4,-7.4,1.57,17.6,0.293,0.707,0.156,0.514,92.81,2012-13,0
1610612755,0.415,101.0,104.7,-3.7,1.74,17.7,0.291,0.695,0.141,0.509,91.88,2012-13,0
1610612756,0.305,100.2,106.9,-6.7,1.45,17.1,0.308,0.687,0.164,0.512,94.48,2012-13,0
1610612757,0.402,104.5,107.9,-3.4,1.48,17.0,0.294,0.702,0.157,0.536,92.46,2012-13,0
1610612758,0.341,105.3,110.0,-4.7,1.42,16.0,0.306,0.673,0.154,0.532,94.65,2012-13,0
1610612759,0.707,107.0,100.3,6.7,1.71,19.1,0.243,0.715,0.153,0.568,95.31,2012-13,15
1610612761,0.415,105.0,106.4,-1.4,1.57,16.9,0.296,0.688,0.148,0.532,91.26,2012-13,0
1610612762,0.524,105.4,105.6,-0.2,1.54,17.4,0.329,0.697,0.159,0.533,92.05,2012-13,0
1610612764,0.354,99.3,101.6,-2.3,1.43,16.9,0.279,0.706,0.161,0.512,93.23,2012-13,0
1610612737,0.463,104.9,105.7,-0.7,1.63,18.8,0.256,0.711,0.159,0.554,95.41,2013-14,3
1610612738,0.305,101.9,106.5,-4.6,1.37,16.2,0.314,0.708,0.163,0.517,94.28,2013-14,0
1610612751,0.537,105.4,106.7,-1.3,1.44,16.7,0.26,0.686,0.155,0.555,92.42,2013-14,5
1610612766,0.524,103.0,103.3,-0.4,1.76,16.9,0.269,0.73,0.131,0.522,92.93,2013-14,0
1610612741,0.585,101.7,99.9,1.9,1.52,17.6,0.321,0.713,0.162,0.518,90.84,2013-14,1
1610612739,0.402,103.5,107.0,-3.6,1.49,16.2,0.314,0.711,0.149,0.518,93.69,2013-14,0
1610612742,0.598,109.5,107.2,2.3,1.74,18.0,0.276,0.694,0.141,0.564,94.94,2013-14,3
1610612743,0.439,105.1,107.3,-2.2,1.41,16.4,0.31,0.703,0.16,0.536,98.95,2013-14,0
1610612765,0.354,105.2,109.0,-3.7,1.44,15.6,0.347,0.693,0.152,0.514,95.57,2013-14,0
1610612744,0.622,106.3,101.4,4.9,1.53,17.4,0.284,0.724,0.155,0.55,97.37,2013-14,3
1610612745,0.659,109.8,105.2,4.6,1.33,16.1,0.306,0.7,0.165,0.571,97.27,2013-14,2
1610612754,0.683,103.6,98.9,4.7,1.33,15.9,0.296,0.721,0.162,0.535,92.89,2013-14,10
1610612746,0.695,111.3,104.0,7.3,1.77,18.3,0.288,0.69,0.143,0.567,96.66,2013-14,6
1610612747,0.329,103.2,109.3,-6.0,1.62,18.1,0.235,0.676,0.152,0.542,99.72,2013-14,0
1610612763,0.61,105.5,103.8,1.7,1.59,17.1,0.326,0.718,0.15,0.529,90.58,2013-14,3
1610612748,0.659,110.0,105.0,5.1,1.52,18.1,0.244,0.686,0.159,0.59,91.9,2013-14,13
1610612749,0.183,101.9,110.2,-8.3,1.42,16.5,0.31,0.678,0.161,0.519,92.96,2013-14,0
1610612750,0.488,107.7,105.2,2.6,1.72,17.3,0.317,0.715,0.14,0.535,98.33,2013-14,0
1610612740,0.415,106.2,109.1,-3.0,1.55,16.5,0.305,0.694,0.147,0.537,93.07,2013-14,0
1610612752,0.451,107.0,108.1,-1.1,1.54,16.0,0.291,0.705,0.141,0.541,91.24,2013-14,0
1610612760,0.72,109.4,103.0,6.4,1.43,16.6,0.294,0.722,0.158,0.566,96.33,2013-14,10
1610612753,0.28,101.0,106.6,-5.7,1.41,16.4,0.267,0.714,0.156,0.525,94.27,2013-14,0
1610612755,0.232,99.0,109.0,-10.0,1.29,16.0,0.29,0.684,0.168,0.51,99.74,2013-14,0
1610612756,0.585,108.2,105.6,2.6,1.24,14.7,0.298,0.699,0.158,0.558,96.83,2013-14,0
1610612757,0.659,110.4,106.2,4.2,1.69,17.2,0.32,0.713,0.142,0.548,95.9,2013-14,5
1610612758,0.341,105.1,107.8,-2.7,1.24,14.6,0.316,0.725,0.159,0.532,95.04,2013-14,0
1610612759,0.756,109.5,101.4,8.1,1.75,19.0,0.261,0.725,0.15,0.571,95.87,2013-14,16
1610612761,0.585,107.9,104.6,3.3,1.5,16.4,0.312,0.701,0.151,0.545,92.48,2013-14,3
1610612762,0.305,102.4,110.1,-7.6,1.39,16.1,0.297,0.708,0.158,0.523,92.32,2013-14,0
1610612764,0.537,104.9,103.6,1.3,1.59,17.6,0.286,0.719,0.153,0.538,94.18,2013-14,6
1610612737,0.732,108.2,102.3,5.9,1.81,19.5,0.264,0.697,0.15,0.563,94.66,2014-15,8
1610612738,0.488,103.8,103.5,0.3,1.77,18.0,0.289,0.71,0.142,0.523,96.71,2014-15,0
1610612751,0.463,103.4,106.3,-3.0,1.51,16.3,0.278,0.701,0.146,0.529,93.69,2014-15,2
1610612766,0.402,99.6,103.0,-3.4,1.69,15.8,0.27,0.746,0.126,0.498,93.45,2014-15,0
1610612741,0.61,106.3,103.3,3.0,1.56,16.6,0.312,0.709,0.147,0.536,93.8,2014-15,6
1610612739,0.646,110.1,105.3,4.8,1.55,17.1,0.311,0.711,0.152,0.557,93.23,2014-15,14
1610612742,0.61,108.2,104.9,3.2,1.74,17.0,0.269,0.681,0.133,0.55,96.4,2014-15,1
1610612743,0.366,103.9,107.1,-3.3,1.53,16.2,0.303,0.7,0.146,0.518,96.87,2014-15,0
1610612765,0.39,104.3,105.4,-1.1,1.61,16.4,0.316,0.712,0.142,0.515,93.68,2014-15,0
1610612744,0.817,110.4,100.4,9.9,1.9,19.7,0.273,0.703,0.145,0.571,99.28,2014-15,16
1610612745,0.683,106.0,102.6,3.4,1.33,16.5,0.305,0.686,0.17,0.548,97.36,2014-15,9
1610612754,0.463,102.9,102.7,0.2,1.53,16.6,0.286,0.735,0.148,0.523,93.67,2014-15,0
1610612746,0.683,111.6,104.7,6.9,2.01,18.7,0.272,0.716,0.129,0.565,95.4,2014-15,7
1610612747,0.256,102.3,109.4,-7.1,1.58,15.9,0.29,0.72,0.138,0.513,95.03,2014-15,0
1610612763,0.671,104.8,101.2,3.5,1.62,16.9,0.288,0.716,0.142,0.531,92.82,2014-15,6
1610612748,0.451,103.2,106.1,-3.0,1.34,16.1,0.284,0.687,0.161,0.54,91.49,2014-15,0
1610612749,0.5,102.0,101.4,0.6,1.41,17.8,0.29,0.686,0.175,0.536,94.82,2014-15,2
1610612750,0.195,101.8,110.9,-9.1,1.44,16.3,0.311,0.682,0.156,0.517,95.45,2014-15,0
1610612740,0.549,107.1,106.3,0.8,1.66,17.1,0.309,0.712,0.143,0.537,92.29,2014-15,0
1610612752,0.207,98.9,109.0,-10.1,1.45,16.7,0.289,0.691,0.158,0.508,92.06,2014-15,0
1610612760,0.549,106.7,104.6,2.1,1.4,15.3,0.318,0.73,0.151,0.532,96.61,2014-15,0
1610612753,0.305,101.0,106.8,-5.9,1.39,16.2,0.269,0.716,0.157,0.524,94.51,2014-15,0
1610612755,0.22,94.9,103.9,-9.0,1.16,15.5,0.293,0.686,0.183,0.494,96.45,2014-15,0
1610612756,0.476,104.2,105.3,-1.1,1.34,15.4,0.281,0.698,0.154,0.537,97.2,2014-15,0
1610612757,0.622,107.1,102.8,4.3,1.61,16.8,0.282,0.728,0.142,0.544,95.06,2014-15,1
1610612758,0.354,104.5,108.2,-3.7,1.25,15.5,0.313,0.715,0.168,0.542,96.16,2014-15,0
1610612759,0.671,107.6,101.4,6.3,1.75,18.4,0.272,0.73,0.146,0.555,94.45,2014-15,3
1610612761,0.598,110.2,107.1,3.1,1.61,16.1,0.301,0.689,0.137,0.553,93.46,2014-15,0
1610612762,0.463,104.2,104.1,0.1,1.3,15.8,0.332,0.715,0.168,0.531,91.1,2014-15,0
1610612764,0.561,103.0,102.4,0.6,1.6,18.1,0.288,0.726,0.157,0.534,94.29,2014-15,6
1610612737,0.585,104.6,100.8,3.9,1.71,19.0,0.234,0.698,0.152,0.552,97.63,2015-16,4
1610612738,0.585,105.8,102.5,3.3,1.76,17.4,0.29,0.707,0.138,0.531,99.43,2015-16,2
1610612751,0.256,102.4,109.7,-7.4,1.51,17.0,0.279,0.716,0.153,0.527,96.12,2015-16,0
1610612766,0.585,106.4,103.7,2.7,1.73,16.7,0.244,0.754,0.129,0.545,96.24,2015-16,3
1610612741,0.512,104.1,105.5,-1.4,1.64,17.0,0.29,0.714,0.142,0.526,96.6,2015-16,0
1610612739,0.695,110.2,103.9,6.3,1.67,17.4,0.294,0.742,0.143,0.558,93.82,2015-16,16
1610612742,0.512,105.5,105.9,-0.4,1.73,17.0,0.241,0.723,0.132,0.544,95.34,2015-16,1
1610612743,0.402,104.9,108.2,-3.3,1.55,16.9,0.304,0.732,0.151,0.531,96.34,2015-16,0
1610612765,0.537,105.3,104.9,0.3,1.44,14.8,0.313,0.753,0.14,0.522,95.75,2015-16,0
1610612744,0.89,113.5,102.8,10.6,1.91,20.4,0.267,0.72,0.15,0.593,100.24,2015-16,15
1610612745,0.5,107.3,107.3,0.0,1.39,16.4,0.297,0.692,0.161,0.553,98.42,2015-16,1
1610612754,0.549,103.8,102.2,1.6,1.43,16.1,0.271,0.714,0.151,0.536,97.35,2015-16,3
1610612746,0.646,107.2,102.7,4.5,1.76,17.4,0.234,0.697,0.133,0.556,96.81,2015-16,2
1610612747,0.207,100.7,110.3,-9.7,1.31,14.1,0.271,0.712,0.142,0.509,96.55,2015-16,0
1610612763,0.512,104.7,107.1,-2.4,1.56,16.0,0.298,0.709,0.14,0.524,93.95,2015-16,0
1610612748,0.585,105.5,103.7,1.7,1.48,16.3,0.28,0.729,0.148,0.545,94.14,2015-16,7
1610612749,0.402,103.4,107.8,-4.5,1.52,17.6,0.286,0.689,0.159,0.537,95.05,2015-16,0
1610612750,0.354,105.4,109.0,-3.5,1.56,17.6,0.279,0.702,0.155,0.549,96.2,2015-16,0
1610612740,0.366,104.8,108.4,-3.7,1.65,16.8,0.252,0.748,0.137,0.537,97.64,2015-16,0
1610612752,0.39,103.9,106.7,-2.8,1.53,16.0,0.28,0.718,0.142,0.527,94.12,2015-16,0
1610612760,0.671,112.1,104.8,7.4,1.44,16.7,0.347,0.72,0.162,0.565,97.54,2015-16,11
1610612753,0.427,104.4,106.0,-1.6,1.67,17.6,0.271,0.726,0.144,0.533,96.68,2015-16,0
1610612755,0.122,98.4,108.6,-10.2,1.31,16.3,0.25,0.693,0.165,0.519,98.44,2015-16,0
1610612756,0.28,101.5,107.9,-6.5,1.21,15.4,0.297,0.733,0.173,0.526,99.39,2015-16,0
1610612757,0.537,107.6,106.8,0.8,1.46,16.0,0.294,0.728,0.15,0.548,97.06,2015-16,5
1610612758,0.402,105.3,107.6,-2.3,1.52,17.6,0.281,0.717,0.16,0.546,100.66,2015-16,0
1610612759,0.817,109.3,98.2,11.1,1.88,18.8,0.266,0.746,0.138,0.564,94.54,2015-16,6
1610612761,0.683,109.3,104.8,4.4,1.43,14.9,0.3,0.736,0.139,0.552,93.35,2015-16,10
1610612762,0.488,105.0,103.2,1.8,1.27,15.1,0.303,0.731,0.161,0.54,91.66,2015-16,0
1610612764,0.5,104.5,105.1,-0.5,1.69,18.1,0.25,0.737,0.145,0.544,99.16,2015-16,0
1610612737,0.524,104.5,105.2,-0.7,1.5,17.4,0.282,0.717,0.16,0.541,97.76,2016-17,2
1610612738,0.646,110.6,108.0,2.6,1.9,18.8,0.259,0.705,0.136,0.567,97.21,2016-17,9
1610612751,0.244,103.6,110.1,-6.5,1.29,15.9,0.241,0.716,0.162,0.551,101.75,2016-17,0
1610612766,0.439,108.4,108.4,0.0,2.01,17.6,0.247,0.749,0.119,0.547,95.92,2016-17,0
1610612741,0.5,106.5,106.2,0.3,1.66,16.8,0.311,0.733,0.14,0.53,96.02,2016-17,2
1610612739,0.622,112.8,109.7,3.1,1.66,17.1,0.264,0.722,0.14,0.58,96.74,2016-17,13
1610612742,0.402,104.7,107.7,-3.0,1.75,16.8,0.216,0.733,0.127,0.541,93.11,2016-17,0
1610612743,0.488,112.2,111.7,0.4,1.69,18.2,0.314,0.753,0.15,0.568,99.18,2016-17,0
1610612765,0.451,105.3,106.7,-1.4,1.78,16.1,0.286,0.775,0.123,0.521,95.52,2016-17,0
1610612744,0.817,114.8,103.4,11.4,2.06,21.2,0.272,0.709,0.146,0.597,100.37,2016-17,16
1610612745,0.671,114.1,108.4,5.7,1.67,18.1,0.281,0.717,0.15,0.583,100.55,2016-17,6
1610612754,0.512,107.9,108.1,-0.2,1.63,17.2,0.255,0.713,0.141,0.558,96.59,2016-17,0
1610612746,0.622,111.8,107.5,4.4,1.74,17.2,0.256,0.733,0.133,0.574,96.77,2016-17,3
1610612747,0.317,105.3,112.0,-6.7,1.38,15.6,0.284,0.717,0.153,0.537,99.26,2016-17,0
1610612763,0.524,107.0,106.5,0.5,1.65,16.5,0.295,0.731,0.137,0.535,92.84,2016-17,2
1610612748,0.5,107.4,106.4,1.0,1.58,16.3,0.284,0.718,0.14,0.541,95.51,2016-17,0
1610612749,0.512,108.5,108.7,-0.2,1.73,18.5,0.26,0.706,0.146,0.565,94.99,2016-17,2
1610612750,0.378,110.0,110.9,-0.9,1.69,17.7,0.309,0.71,0.146,0.555,95.48,2016-17,0
1610612740,0.415,104.7,106.8,-2.1,1.77,17.1,0.228,0.728,0.129,0.539,98.56,2016-17,0
1610612752,0.378,107.1,110.7,-3.6,1.57,16.3,0.305,0.698,0.143,0.534,96.63,2016-17,0
1610612760,0.573,107.9,107.1,0.8,1.4,15.5,0.323,0.742,0.152,0.54,98.18,2016-17,1
1610612753,0.354,103.7,110.3,-6.5,1.67,16.8,0.267,0.726,0.137,0.524,96.9,2016-17,0
1610612755,0.341,102.7,108.2,-5.5,1.43,17.4,0.273,0.709,0.167,0.539,99.07,2016-17,0
1610612756,0.293,106.1,111.3,-5.2,1.27,14.4,0.299,0.718,0.152,0.538,100.85,2016-17,0
1610612757,0.5,109.4,110.0,-0.6,1.54,16.0,0.269,0.72,0.139,0.559,97.38,2016-17,0
1610612758,0.39,106.6,110.8,-4.2,1.54,17.3,0.258,0.723,0.152,0.556,95.42,2016-17,0
1610612759,0.744,110.3,102.9,7.4,1.77,18.1,0.282,0.73,0.141,0.564,94.86,2016-17,8
1610612761,0.622,111.4,107.1,4.3,1.46,14.5,0.291,0.717,0.132,0.561,95.41,2016-17,4
1610612762,0.622,109.0,104.7,4.3,1.48,16.2,0.27,0.743,0.148,0.563,92.09,2016-17,4
1610612764,0.598,110.4,108.8,1.7,1.68,17.6,0.286,0.716,0.143,0.564,97.94,2016-17,7
1610612737,0.293,104.4,110.1,-5.7,1.53,17.6,0.263,0.719,0.157,0.547,98.76,2017-18,0
1610612738,0.671,106.8,103.2,3.6,1.6,17.0,0.263,0.739,0.144,0.552,96.75,2017-18,11
1610612751,0.341,106.1,109.7,-3.6,1.56,17.3,0.251,0.731,0.151,0.551,99.66,2017-18,0
1610612766,0.439,109.0,109.0,-0.1,1.7,16.1,0.271,0.763,0.128,0.549,98.66,2017-18,0
1610612741,0.329,103.4,110.5,-7.0,1.68,17.3,0.256,0.767,0.141,0.529,98.65,2017-18,0
1610612739,0.61,112.0,111.1,1.0,1.7,17.5,0.243,0.73,0.139,0.584,98.72,2017-18,12
1610612742,0.293,105.4,108.4,-2.9,1.85,17.3,0.224,0.749,0.127,0.544,96.53,2017-18,0
1610612743,0.561,111.4,110.0,1.4,1.68,18.2,0.3,0.736,0.151,0.57,97.69,2017-18,0
1610612765,0.476,106.6,106.7,-0.1,1.7,17.1,0.269,0.74,0.138,0.543,96.75,2017-18,0
1610612744,0.707,112.8,106.8,5.9,1.9,20.9,0.243,0.712,0.153,0.603,100.35,2017-18,16
1610612745,0.793,114.1,105.7,8.4,1.56,16.4,0.254,0.75,0.141,0.59,98.02,2017-18,11
1610612754,0.585,108.5,107.3,1.3,1.67,16.8,0.271,0.721,0.136,0.557,96.84,2017-18,3
1610612746,0.512,109.4,109.2,0.2,1.52,16.5,0.284,0.718,0.147,0.564,99.54,2017-18,0
1610612747,0.427,106.0,107.3,-1.3,1.51,17.0,0.279,0.729,0.155,0.548,100.9,2017-18,0
1610612763,0.268,103.6,110.4,-6.8,1.44,16.6,0.276,0.721,0.156,0.539,95.65,2017-18,0
1610612748,0.537,106.2,105.8,0.4,1.58,17.1,0.261,0.741,0.148,0.551,96.1,2017-18,1
1610612749,0.537,109.0,109.1,-0.2,1.68,17.7,0.244,0.709,0.142,0.571,97.03,2017-18,3
1610612750,0.573,112.5,110.2,2.3,1.82,17.0,0.289,0.72,0.128,0.566,96.75,2017-18,1
1610612740,0.585,108.5,107.4,1.1,1.79,19.0,0.24,0.726,0.145,0.573,101.48,2017-18,5
1610612752,0.354,106.3,109.7,-3.4,1.58,17.2,0.289,0.727,0.15,0.544,97.64,2017-18,0
1610612760,0.585,110.1,106.4,3.7,1.53,15.8,0.32,0.725,0.143,0.546,97.34,2017-18,2
1610612753,0.305,104.7,109.4,-4.7,1.61,17.5,0.248,0.714,0.147,0.545,98.58,2017-18,0
1610612755,0.634,108.5,103.9,4.6,1.64,19.1,0.286,0.736,0.163,0.568,100.75,2017-18,5
1610612756,0.256,102.8,111.7,-9.0,1.35,15.6,0.271,0.724,0.155,0.532,101.14,2017-18,0
1610612757,0.598,108.4,105.7,2.7,1.44,15.0,0.279,0.746,0.139,0.549,97.11,2017-18,0
1610612758,0.329,103.1,110.4,-7.3,1.57,16.6,0.264,0.731,0.143,0.529,95.5,2017-18,0
1610612759,0.573,107.1,104.1,3.0,1.73,17.3,0.277,0.741,0.137,0.543,95.7,2017-18,1
1610612761,0.72,113.0,105.3,7.7,1.82,17.9,0.274,0.725,0.135,0.575,98.02,2017-18,4
1610612762,0.585,107.4,103.0,4.4,1.53,17.1,0.256,0.756,0.152,0.564,96.58,2017-18,5
1610612764,0.524,108.1,107.7,0.4,1.73,18.4,0.274,0.732,0.148,0.56,97.67,2017-18,2
1610612737,0.354,107.5,113.1,-5.5,1.52,17.7,0.284,0.718,0.162,0.555,104.56,2018-19,0
1610612738,0.598,111.3,107.0,4.3,2.05,18.8,0.257,0.728,0.127,0.567,100.43,2018-19,5
1610612751,0.512,108.9,109.0,-0.1,1.58,16.9,0.282,0.72,0.146,0.556,101.52,2018-19,1
1610612766,0.476,110.7,112.0,-1.3,1.9,17.0,0.268,0.731,0.122,0.554,99.18,2018-19,0
1610612741,0.268,104.5,112.8,-8.3,1.55,16.3,0.242,0.727,0.141,0.541,99.3,2018-19,0
1610612739,0.232,106.8,116.8,-10.0,1.54,15.6,0.282,0.732,0.138,0.54,97.37,2018-19,0
1610612742,0.402,108.7,110.1,-1.5,1.64,17.0,0.273,0.734,0.142,0.555,99.6,2018-19,0
1610612743,0.659,112.1,108.1,4.0,2.04,19.3,0.308,0.744,0.136,0.558,98.49,2018-19,7
1610612765,0.5,108.4,108.7,-0.3,1.63,16.5,0.291,0.745,0.14,0.544,97.88,2018-19,0
1610612744,0.695,115.0,108.6,6.5,2.06,20.4,0.257,0.727,0.139,0.596,101.74,2018-19,14
1610612745,0.646,114.9,110.1,4.8,1.59,15.9,0.269,0.7,0.135,0.581,98.39,2018-19,6
1610612754,0.585,109.4,106.0,3.4,1.9,18.9,0.269,0.722,0.139,0.561,98.64,2018-19,0
1610612746,0.585,111.4,110.4,1.0,1.65,17.1,0.263,0.722,0.141,0.575,102.66,2018-19,2
1610612747,0.451,107.4,108.9,-1.6,1.63,17.8,0.27,0.725,0.15,0.554,103.6,2018-19,0
1610612763,0.402,105.6,108.0,-2.4,1.71,17.9,0.247,0.724,0.143,0.548,97.15,2018-19,0
1610612748,0.476,106.7,107.1,-0.4,1.65,17.6,0.291,0.731,0.149,0.542,98.73,2018-19,0
1610612749,0.732,113.5,104.9,8.6,1.88,18.3,0.25,0.757,0.133,0.583,103.57,2018-19,10
1610612750,0.439,110.6,112.2,-1.6,1.88,17.4,0.292,0.709,0.129,0.552,100.88,2018-19,0
1610612740,0.402,110.7,112.0,-1.3,1.82,18.6,0.285,0.729,0.142,0.563,103.89,2018-19,0
1610612752,0.207,104.0,112.9,-8.9,1.43,14.9,0.264,0.717,0.14,0.529,100.16,2018-19,0
1610612760,0.598,109.8,106.5,3.4,1.67,16.3,0.298,0.738,0.134,0.545,103.38,2018-19,1
1610612753,0.512,108.2,107.6,0.6,1.94,18.6,0.259,0.754,0.133,0.55,98.65,2018-19,1
1610612755,0.622,111.6,109.0,2.6,1.8,18.7,0.278,0.741,0.144,0.574,102.59,2018-19,7
1610612756,0.232,105.3,114.2,-8.9,1.53,17.3,0.247,0.683,0.153,0.552,101.15,2018-19,0
1610612757,0.646,113.7,109.5,4.2,1.66,16.6,0.308,0.739,0.137,0.568,99.96,2018-19,8
1610612758,0.476,109.6,110.8,-1.2,1.9,17.7,0.268,0.713,0.128,0.554,103.88,2018-19,0
1610612759,0.585,112.2,110.6,1.6,2.03,18.1,0.246,0.744,0.122,0.572,98.88,2018-19,3
1610612761,0.707,112.6,106.8,5.8,1.81,18.2,0.265,0.726,0.138,0.579,100.51,2018-19,16
1610612762,0.61,110.3,105.3,5.0,1.72,18.5,0.275,0.759,0.149,0.572,100.84,2018-19,1
1610612764,0.39,110.2,112.9,-2.7,1.87,18.4,0.252,0.706,0.136,0.567,102.23,2018-19,0
1610612737,0.299,107.0,114.4,-7.4,1.48,16.9,0.267,0.708,0.155,0.554,103.28,2019-20,0
1610612738,0.667,112.8,106.5,6.3,1.66,16.7,0.283,0.731,0.137,0.57,99.92,2019-20,10
1610612751,0.486,108.7,109.2,-0.5,1.6,17.3,0.28,0.736,0.148,0.554,101.7,2019-20,0
1610612766,0.354,105.9,112.8,-7.0,1.63,17.7,0.28,0.706,0.15,0.539,96.24,2019-20,0
1610612741,0.338,105.8,108.9,-3.1,1.5,16.9,0.267,0.719,0.153,0.547,100.46,2019-20,0
1610612739,0.292,106.9,114.8,-7.9,1.4,16.8,0.296,0.738,0.165,0.553,99.17,2019-20,0
1610612742,0.573,115.9,111.2,4.8,1.94,17.7,0.275,0.74,0.126,0.581,99.89,2019-20,2
1610612743,0.63,112.6,110.4,2.2,1.94,19.1,0.294,0.725,0.139,0.567,97.64,2019-20,9
1610612765,0.303,108.8,112.3,-3.5,1.58,17.7,0.277,0.717,0.155,0.561,97.86,2019-20,0
1610612744,0.231,104.4,113.0,-8.6,1.72,18.2,0.255,0.722,0.146,0.54,101.04,2019-20,0
1610612745,0.611,112.5,109.8,2.7,1.47,15.5,0.249,0.713,0.14,0.578,104.04,2019-20,5
1610612754,0.616,109.5,107.5,1.9,1.95,18.9,0.243,0.718,0.132,0.565,99.41,2019-20,0
1610612746,0.681,113.3,106.9,6.3,1.63,16.9,0.278,0.737,0.142,0.577,102.16,2019-20,7
1610612747,0.732,111.7,106.1,5.6,1.67,18.0,0.283,0.737,0.149,0.573,101.2,2019-20,16
1610612763,0.466,108.7,109.7,-1.0,1.77,18.7,0.271,0.733,0.147,0.561,103.31,2019-20,0
1610612748,0.603,111.9,109.3,2.7,1.74,18.8,0.257,0.753,0.149,0.587,98.7,2019-20,14
1610612749,0.767,111.9,102.5,9.4,1.71,18.0,0.241,0.775,0.142,0.583,105.51,2019-20,5
1610612750,0.297,107.6,111.6,-4.0,1.55,16.7,0.264,0.731,0.146,0.551,103.94,2019-20,0
1610612740,0.417,110.5,111.8,-1.3,1.64,18.4,0.287,0.729,0.156,0.568,103.89,2019-20,0
1610612752,0.318,105.9,112.4,-6.5,1.54,16.0,0.3,0.742,0.143,0.531,99.11,2019-20,0
1610612760,0.611,110.1,108.1,2.1,1.58,16.3,0.241,0.728,0.137,0.573,99.42,2019-20,3
1610612753,0.452,107.9,109.2,-1.3,1.86,17.5,0.267,0.749,0.129,0.544,98.99,2019-20,1
1610612755,0.589,110.7,108.4,2.3,1.82,18.5,0.281,0.753,0.142,0.566,99.59,2019-20,0
1610612756,0.466,111.3,110.8,0.5,1.84,19.2,0.261,0.734,0.145,0.576,101.74,2019-20,0
1610612757,0.473,113.2,114.3,-1.1,1.61,15.2,0.266,0.712,0.126,0.57,101.17,2019-20,1
1610612758,0.431,109.5,111.4,-1.9,1.64,17.4,0.258,0.736,0.144,0.566,99.6,2019-20,0
1610612759,0.451,111.7,112.6,-0.9,1.96,17.9,0.233,0.751,0.123,0.572,101.14,2019-20,0
1610612761,0.736,110.8,104.7,6.1,1.7,18.1,0.256,0.721,0.146,0.574,101.19,2019-20,7
1610612762,0.611,111.8,109.3,2.5,1.48,16.8,0.261,0.746,0.152,0.585,99.15,2019-20,3
1610612764,0.347,110.2,114.7,-4.5,1.77,17.6,0.262,0.712,0.136,0.562,103.38,2019-20,0
1610612737,0.569,114.3,112.1,2.2,1.82,17.6,0.284,0.742,0.133,0.581,98.68,2020-21,10
1610612738,0.5,113.1,111.8,1.2,1.67,17.1,0.289,0.737,0.141,0.574,98.94,2020-21,1
1610612751,0.667,117.3,113.1,4.2,1.98,19.3,0.252,0.726,0.134,0.61,100.27,2020-21,7
1610612766,0.458,110.1,112.0,-1.9,1.81,19.2,0.276,0.722,0.149,0.564,99.0,2020-21,0
1610612741,0.431,110.4,111.5,-1.1,1.77,19.2,0.267,0.767,0.151,0.575,99.58,2020-21,0
1610612739,0.306,105.2,113.5,-8.3,1.54,17.5,0.28,0.729,0.157,0.543,97.96,2020-21,0
1610612742,0.583,114.6,112.3,2.3,1.9,17.2,0.253,0.734,0.123,0.582,97.94,2020-21,3
1610612743,0.653,116.3,111.5,4.8,1.99,19.3,0.292,0.751,0.136,0.588,97.74,2020-21,4
1610612765,0.278,107.6,112.2,-4.5,1.62,17.8,0.267,0.725,0.151,0.556,98.19,2020-21,0
1610612744,0.542,110.5,109.4,1.1,1.84,19.6,0.222,0.727,0.146,0.583,102.81,2020-21,0
1610612745,0.236,107.0,114.4,-7.4,1.6,17.2,0.24,0.723,0.145,0.553,101.69,2020-21,0
1610612754,0.472,111.9,111.9,0.1,2.02,19.2,0.247,0.701,0.131,0.575,102.05,2020-21,0
1610612746,0.653,116.7,110.6,6.1,1.85,18.1,0.27,0.754,0.135,0.599,97.63,2020-21,10
1610612747,0.583,109.8,106.8,2.9,1.62,18.0,0.269,0.748,0.152,0.569,98.85,2020-21,2
1610612763,0.528,111.7,110.5,1.2,2.03,18.9,0.285,0.736,0.131,0.56,100.77,2020-21,1
1610612748,0.556,110.6,110.7,-0.1,1.87,19.5,0.24,0.733,0.144,0.581,97.09,2020-21,0
1610612749,0.639,116.5,110.7,5.8,1.84,18.0,0.269,0.755,0.134,0.593,102.85,2020-21,16
1610612750,0.319,109.3,114.5,-5.3,1.8,18.0,0.271,0.717,0.139,0.555,101.96,2020-21,0
1610612740,0.431,113.0,113.3,-0.3,1.78,18.3,0.302,0.755,0.144,0.57,100.54,2020-21,0
1610612752,0.569,110.2,107.8,2.4,1.65,16.3,0.264,0.738,0.133,0.559,96.32,2020-21,1
1610612760,0.306,102.8,113.4,-10.6,1.37,16.1,0.254,0.742,0.158,0.539,101.61,2020-21,0
1610612753,0.292,104.6,113.9,-9.3,1.7,16.3,0.252,0.744,0.129,0.527,99.17,2020-21,0
1610612755,0.681,112.5,107.0,5.5,1.64,17.2,0.277,0.737,0.143,0.579,100.12,2020-21,7
1610612756,0.708,116.3,110.4,5.9,2.15,19.6,0.248,0.741,0.126,0.597,98.0,2020-21,14
1610612757,0.583,117.1,115.3,1.8,1.92,15.9,0.273,0.731,0.112,0.577,98.97,2020-21,2
1610612758,0.431,112.7,116.5,-3.8,1.91,18.4,0.253,0.713,0.133,0.578,100.71,2020-21,0
1610612759,0.458,110.5,112.0,-1.5,2.14,17.9,0.243,0.733,0.113,0.554,99.45,2020-21,0
1610612761,0.375,111.6,112.0,-0.4,1.82,17.7,0.256,0.716,0.133,0.567,99.57,2020-21,0
1610612762,0.722,116.5,107.5,9.0,1.66,17.3,0.284,0.757,0.142,0.597,99.37,2020-21,6
1610612764,0.472,110.7,112.3,-1.6,1.77,17.8,0.25,0.736,0.137,0.569,104.67,2020-21,1
1610612737,0.524,115.4,113.7,1.6,2.08,18.1,0.269,0.731,0.12,0.581,98.67,2021-22,1
1610612738,0.622,113.6,106.2,7.4,1.82,18.2,0.277,0.725,0.139,0.578,97.26,2021-22,14
1610612751,0.537,113.2,112.3,0.9,1.8,18.3,0.281,0.704,0.141,0.576,99.4,2021-22,0
1610612766,0.524,113.6,113.1,0.5,2.12,19.6,0.27,0.706,0.131,0.572,100.52,2021-22,0
1610612741,0.561,112.7,113.2,-0.5,1.86,17.8,0.249,0.735,0.13,0.579,98.76,2021-22,1
1610612739,0.537,111.0,108.9,2.1,1.75,18.7,0.277,0.724,0.148,0.571,96.83,2021-22,0
1610612742,0.634,112.5,109.1,3.5,1.87,17.8,0.256,0.733,0.13,0.572,95.64,2021-22,9
1610612743,0.585,113.8,111.5,2.3,1.92,20.0,0.268,0.752,0.146,0.59,98.41,2021-22,1
1610612765,0.28,105.6,113.3,-7.7,1.65,17.1,0.276,0.707,0.143,0.533,98.81,2021-22,0
1610612744,0.646,112.1,106.6,5.5,1.82,19.5,0.269,0.736,0.15,0.582,98.74,2021-22,16
1610612745,0.244,108.1,116.4,-8.3,1.43,17.1,0.265,0.71,0.162,0.565,101.16,2021-22,0
1610612754,0.305,111.9,115.5,-3.6,1.76,18.1,0.31,0.725,0.145,0.564,98.55,2021-22,0
1610612746,0.512,109.5,109.5,0.0,1.75,17.7,0.254,0.706,0.139,0.564,98.51,2021-22,0
1610612747,0.402,110.0,112.8,-2.9,1.65,17.3,0.256,0.72,0.142,0.567,100.47,2021-22,0
1610612763,0.683,114.3,108.9,5.3,1.97,17.9,0.338,0.726,0.13,0.553,100.52,2021-22,6
1610612748,0.646,113.0,108.4,4.5,1.75,18.8,0.278,0.735,0.149,0.584,96.53,2021-22,11
1610612749,0.622,114.3,111.1,3.2,1.78,17.3,0.269,0.747,0.133,0.58,100.59,2021-22,7
1610612750,0.561,113.8,111.0,2.7,1.79,18.1,0.284,0.706,0.141,0.573,101.47,2021-22,2
1610612740,0.439,111.2,112.0,-0.8,1.78,18.1,0.306,0.742,0.143,0.557,98.02,2021-22,2
1610612752,0.451,109.7,110.2,-0.4,1.65,16.4,0.291,0.74,0.137,0.55,96.42,2021-22,0
1610612760,0.293,103.8,111.7,-8.0,1.59,16.4,0.256,0.727,0.14,0.53,99.39,2021-22,0
1610612753,0.268,103.9,112.1,-8.1,1.64,17.4,0.249,0.735,0.144,0.538,99.71,2021-22,0
1610612755,0.622,113.0,110.2,2.8,1.89,17.9,0.246,0.724,0.129,0.578,96.71,2021-22,6
1610612756,0.78,114.2,106.8,7.5,2.12,19.5,0.264,0.728,0.129,0.581,100.26,2021-22,7
1610612757,0.329,107.3,116.3,-9.1,1.58,17.0,0.268,0.721,0.146,0.55,98.74,2021-22,0
1610612758,0.366,109.6,114.8,-5.2,1.68,17.3,0.259,0.714,0.14,0.561,100.1,2021-22,0
1610612759,0.415,111.9,111.7,0.2,2.19,19.5,0.281,0.711,0.126,0.556,100.51,2021-22,0
1610612761,0.585,112.1,109.9,2.2,1.77,16.1,0.325,0.714,0.128,0.543,96.63,2021-22,2
1610612762,0.598,116.2,110.0,6.2,1.6,16.7,0.3,0.738,0.143,0.589,97.5,2021-22,2
1610612764,0.427,110.2,113.6,-3.4,1.91,18.5,0.247,0.731,0.133,0.568,97.8,2021-22,0
1610612737,0.5,115.5,115.4,0.1,1.93,17.6,0.289,0.717,0.126,0.579,101.56,2022-23,2
1610612738,0.695,117.3,110.6,6.7,2.0,19.1,0.255,0.746,0.133,0.6,99.15,2022-23,11
1610612751,0.549,114.6,113.5,1.1,1.86,18.9,0.234,0.689,0.139,0.598,98.77,2022-23,0
1610612766,0.329,108.4,114.7,-6.3,1.77,17.8,0.276,0.717,0.139,0.551,101.47,2022-23,0
1610612741,0.488,112.8,111.5,1.3,1.83,18.1,0.236,0.736,0.133,0.587,99.18,2022-23,0
1610612739,0.622,115.5,109.9,5.6,1.87,18.6,0.273,0.715,0.137,0.59,96.27,2022-23,1
1610612742,0.463,115.9,116.1,-0.2,1.88,17.4,0.226,0.717,0.124,0.599,97.21,2022-23,0
1610612743,0.646,116.8,113.5,3.3,1.99,20.5,0.289,0.727,0.147,0.601,98.74,2022-23,16
1610612765,0.207,109.9,117.8,-7.9,1.52,16.7,0.292,0.702,0.15,0.561,99.88,2022-23,0
1610612744,0.537,115.1,113.4,1.7,1.83,20.4,0.277,0.719,0.158,0.6,102.54,2022-23,6
1610612745,0.268,110.5,118.6,-8.1,1.38,16.0,0.344,0.729,0.162,0.554,99.74,2022-23,0
1610612754,0.427,113.8,117.1,-3.3,1.81,18.9,0.285,0.685,0.146,0.581,101.68,2022-23,0
1610612746,0.537,114.0,113.6,0.5,1.68,17.5,0.273,0.731,0.143,0.588,98.84,2022-23,1
1610612747,0.524,113.9,113.2,0.7,1.8,17.9,0.269,0.727,0.137,0.582,101.92,2022-23,8
1610612763,0.622,114.7,110.7,4.0,1.91,18.2,0.302,0.711,0.133,0.57,101.5,2022-23,2
1610612748,0.537,112.3,112.8,-0.5,1.77,17.8,0.274,0.733,0.138,0.574,96.76,2022-23,13
1610612749,0.707,114.3,110.9,3.4,1.76,18.1,0.284,0.745,0.143,0.583,101.45,2022-23,1
1610612750,0.512,113.3,113.1,0.2,1.71,18.6,0.258,0.703,0.15,0.592,101.55,2022-23,1
1610612740,0.512,113.8,112.0,1.9,1.77,18.5,0.29,0.732,0.145,0.582,99.58,2022-23,0
1610612752,0.573,117.0,114.2,2.8,1.77,16.6,0.318,0.727,0.131,0.577,97.75,2022-23,6
1610612760,0.488,114.2,113.2,1.0,1.87,17.2,0.289,0.693,0.127,0.57,101.94,2022-23,0
1610612753,0.415,111.3,113.7,-2.3,1.54,17.0,0.281,0.73,0.151,0.573,99.66,2022-23,0
1610612755,0.659,117.0,112.7,4.4,1.84,18.6,0.258,0.721,0.139,0.608,97.44,2022-23,7
1610612756,0.549,114.5,112.3,2.2,2.01,19.3,0.307,0.714,0.136,0.57,98.83,2022-23,6
1610612757,0.402,114.0,118.0,-4.0,1.67,17.8,0.264,0.709,0.145,0.589,99.25,2022-23,0
1610612758,0.585,118.6,116.0,2.6,2.02,19.3,0.265,0.731,0.133,0.608,100.99,2022-23,3
1610612759,0.268,109.7,119.6,-9.9,1.78,18.7,0.299,0.709,0.148,0.554,102.07,2022-23,0
1610612761,0.5,114.6,113.1,1.5,2.05,17.2,0.316,0.721,0.118,0.555,97.85,2022-23,0
1610612762,0.451,115.3,116.0,-0.7,1.69,18.2,0.308,0.711,0.151,0.584,101.02,2022-23,0
1610612764,0.427,113.7,114.9,-1.2,1.8,18.5,0.273,0.724,0.142,0.585,99.16,2022-23,0
1610612737,0.439,116.4,118.4,-2.0,1.96,18.4,0.308,0.717,0.133,0.576,100.84,2023-24,0
1610612738,0.78,122.2,110.6,11.7,2.25,19.3,0.287,0.726,0.121,0.609,97.98,2023-24,16
1610612751,0.39,112.4,115.4,-2.9,1.95,18.6,0.289,0.715,0.134,0.561,97.56,2023-24,0
1610612766,0.256,108.6,119.2,-10.6,1.8,18.4,0.253,0.709,0.14,0.56,97.81,2023-24,0
1610612741,0.476,114.0,115.7,-1.7,2.04,18.2,0.291,0.717,0.124,0.568,96.94,2023-24,0
1610612739,0.585,114.7,112.1,2.5,2.07,20.2,0.274,0.721,0.138,0.586,97.62,2023-24,5
1610612742,0.61,117.0,114.9,2.1,2.05,18.5,0.257,0.711,0.124,0.592,100.6,2023-24,13
1610612743,0.695,117.8,112.3,5.5,2.33,20.9,0.3,0.718,0.13,0.589,97.43,2023-24,7
1610612765,0.171,109.0,118.0,-9.0,1.67,18.2,0.277,0.73,0.151,0.562,100.45,2023-24,0
1610612744,0.561,116.9,114.5,2.4,2.05,20.1,0.315,0.725,0.142,0.586,99.91,2023-24,0
1610612745,0.5,113.7,112.8,0.9,1.95,17.7,0.294,0.722,0.127,0.565,99.59,2023-24,0
1610612754,0.573,120.5,117.6,2.9,2.38,21.0,0.284,0.7,0.126,0.606,102.16,2023-24,8
1610612746,0.622,117.9,114.6,3.4,1.95,18.7,0.283,0.705,0.134,0.599,97.93,2023-24,2
1610612747,0.573,115.4,114.8,0.6,2.04,20.1,0.244,0.725,0.137,0.601,101.38,2023-24,1
1610612763,0.329,106.8,113.7,-6.9,1.64,17.9,0.287,0.706,0.152,0.543,98.68,2023-24,0
1610612748,0.561,113.3,111.5,1.8,2.04,19.1,0.261,0.734,0.13,0.578,96.88,2023-24,1
1610612749,0.598,117.6,115.0,2.6,2.05,19.0,0.255,0.731,0.128,0.601,100.51,2023-24,2
1610612750,0.683,114.6,108.4,6.3,1.88,19.3,0.275,0.725,0.144,0.594,97.79,2023-24,9
1610612740,0.598,116.5,111.9,4.6,2.07,19.4,0.278,0.725,0.132,0.591,98.7,2023-24,0
1610612752,0.61,117.3,112.4,4.9,1.84,17.8,0.333,0.729,0.138,0.574,95.96,2023-24,7
1610612760,0.695,118.3,111.0,7.3,2.14,19.4,0.25,0.698,0.125,0.608,100.85,2023-24,6
1610612753,0.573,112.9,110.8,2.2,1.68,18.1,0.297,0.737,0.15,0.577,97.37,2023-24,3
1610612755,0.573,116.2,113.0,3.1,2.07,18.0,0.292,0.701,0.122,0.574,98.17,2023-24,2
1610612756,0.598,116.8,113.7,3.1,1.82,19.4,0.292,0.714,0.15,0.603,99.0,2023-24,0
1610612757,0.256,107.6,116.6,-9.0,1.52,16.7,0.32,0.697,0.154,0.539,97.88,2023-24,0
1610612758,0.561,116.2,114.4,1.8,2.16,19.9,0.285,0.744,0.131,0.582,99.46,2023-24,0
1610612759,0.268,109.3,115.6,-6.4,1.97,20.5,0.269,0.721,0.148,0.563,101.8,2023-24,0
1610612761,0.305,111.8,118.1,-6.3,2.04,19.9,0.281,0.694,0.139,0.566,99.91,2023-24,0
1610612762,0.378,114.5,119.6,-5.1,1.74,18.9,0.325,0.717,0.155,0.579,100.26,2023-24,0
1610612764,0.183,110.2,118.9,-8.7,2.0,19.5,0.24,0.683,0.136,0.567,103.07,2023-24,0
