TEAM_ID,SEASON_ID,PC1,PC2,PC3,PC4,PC5
1610612737,1996-97,-1.8428193306482241,2.747181937322357,-0.8396015756893702,1.3332972120129611,-0.2345690589068904
1610612738,1996-97,-2.679872857575837,-2.198970148785619,1.077268020554496,1.1411360675368523,-0.05100905619026932
1610612766,1996-97,0.6267767885378824,1.6883391618881143,2.2022693654075747,1.0780622298093705,0.143491559915319
1610612741,1996-97,1.6679076206725352,4.357989207122386,2.1275264229114335,1.1003162832516937,-1.2491487909133516
1610612739,1996-97,-2.115671400586164,2.1007152618013767,0.7008652744722644,-0.260672204384186,0.14059084185798512
1610612742,1996-97,-4.061715288650541,-0.6823688418611827,1.003905137175531,0.5841705917958495,0.10985034579602089
1610612743,1996-97,-2.276980452383706,-1.4322401721919837,1.6129297126317597,0.9600813922821154,0.624634902373873
1610612765,1996-97,-0.21329562065802216,2.3042162415168903,-0.4684895752967628,0.41760962467137297,-1.2398458444349554
1610612744,1996-97,-2.531552442337314,-0.7084420080541459,1.457189232901098,2.4158866804978887,0.5285540469371885
1610612745,1996-97,0.12425729579885175,2.229454323308867,0.7467347603273999,1.08985089468812,1.6396870680169278
1610612754,1996-97,-2.3297705623457734,1.2845868230073283,0.5208429106366708,1.193360812218542,0.5992251006826991
1610612746,1996-97,-2.879108031704092,0.005147512632009193,0.3506188783096401,1.40709306804636,-0.25835066872344176
1610612747,1996-97,-0.9075813495742375,2.2158429751577047,0.759568670897886,1.0756475994362038,-0.5109266282827318
1610612748,1996-97,-1.3739945175094728,3.078255741691755,-0.2490524720874332,0.9327296902483506,0.9096778897323464
1610612749,1996-97,-2.4172193491511877,-0.026205098510827286,0.03874229549107413,1.474256636998067,0.08541897693331987
1610612750,1996-97,-1.5045788251879182,0.5726979842574309,1.7624761677749448,0.6284927347844026,-0.018976414994527322
1610612751,1996-97,-3.4461998464822554,-0.7331867012612514,0.5854725633050578,1.2082289454995565,-0.9405510023825537
1610612752,1996-97,-1.779603251532233,2.385512923795845,-0.49051975158186656,0.8891540628629583,2.242327466280775
1610612753,1996-97,-2.513713503837479,1.1708383849324515,0.6882614162339424,1.0009961890824557,-0.3760223594727238
1610612755,1996-97,-3.7016488534340746,-1.643877410001218,0.5259640358997206,2.1797201472794656,0.13017702022959166
1610612756,1996-97,0.9051316140963201,0.3382586176136106,2.155129335777421,0.29793193854077193,-0.038451319930364665
1610612757,1996-97,-1.8152123685759214,1.9372787697127973,-0.6193437442929606,1.8459584011304044,0.5585950589861142
1610612758,1996-97,-2.6882928893296345,-0.1303429036203248,1.1507845056899952,1.2725793603873845,0.17755853641708502
1610612759,1996-97,-3.7872661499990796,-1.3091368905143006,1.7485329189183039,1.1010596409141564,-0.801389668750785
1610612760,1996-97,0.08523413205680613,3.1417359478184483,1.2104428480169835,1.503445522730884,0.01429683933191485
1610612761,1996-97,-3.2723376392251864,-0.12331655278212567,0.7857952487864003,1.4544505828385679,0.06315347400876543
1610612762,1996-97,2.109901144632589,3.5537827515319775,1.912548510326796,1.3227960060360167,1.037196783364954
1610612763,1996-97,-3.955137109233661,-1.6544144438671453,3.3773982579050337,0.3959181310220708,0.022014122515995167
1610612764,1996-97,-0.8592591616593215,1.098391378651157,0.9318024421208696,0.7027263311856544,0.5176327406497758
1610612737,1997-98,-2.216318387586008,2.0866440894227445,-0.5475269703645906,1.612310824262862,-0.8380670152876368
1610612738,1997-98,-3.245846117543982,0.37671989780647835,1.3331730273716862,0.8042948137059812,-0.08391768806953005
1610612766,1997-98,-0.38033547389101807,1.7245431263414606,0.9558350504935528,0.32785459986989735,0.5090610979152411
1610612741,1997-98,-0.8890909681346433,3.8309894218616227,1.1834852544393903,0.47996129966193285,-0.9079251267159387
1610612739,1997-98,-2.4905808334051045,2.352837237415403,0.6436564845798292,0.18312103931763907,1.8785582302167068
1610612742,1997-98,-3.9600949033644244,-1.1822338872195868,0.6391361172064469,-0.23569414633646008,-1.0951443681600155
1610612743,1997-98,-5.2819947132551865,-2.5918067969654692,1.144283578625907,0.7611613364408448,-0.5212638186833782
1610612765,1997-98,-2.5116922129429673,1.1029719318363098,-0.2423313520799291,0.4605538169385686,-0.7116082594184865
1610612744,1997-98,-5.491562350929551,-1.1453615166960436,0.9185770017666903,-0.49012615771002227,0.06468297992696749
1610612745,1997-98,-1.319876028787591,0.3630944175308757,0.6097931718366264,1.2971953015459532,0.3374584441517546
1610612754,1997-98,0.020949032892534337,3.039854666173001,1.2462948502303286,0.0976405139390568,0.12542714385314346
1610612746,1997-98,-4.0235374196047164,-1.9378501105405066,0.4228220744147132,1.6021601177269496,-0.44469299540536567
1610612747,1997-98,0.6458430401020403,2.821864360729581,1.2107957613074092,1.7444093032755605,0.036215586091145564
1610612748,1997-98,-1.342097112773528,2.7221360901379286,0.35863313815786796,0.8554478615057586,-0.08972075047307011
1610612749,1997-98,-3.4004028254197407,0.4408348471109923,0.04393209840697514,1.264588899919063,0.5964619485917636
1610612750,1997-98,0.16654457913837567,0.9875829597463747,2.416338590590238,0.12257772961125162,-1.0117683867180003
1610612751,1997-98,-2.398014301601843,1.1840167718979329,0.4416664389031772,1.6436917558336408,-1.9160672770560934
1610612752,1997-98,-1.7857075070113555,1.8406015976049852,-0.024221713449626273,-0.725055554368774,0.6834074019551238
1610612753,1997-98,-3.884818978826708,1.5471398452347838,1.1488355660619494,0.7411596024544835,-0.740754224984809
1610612755,1997-98,-3.4374511590857257,0.3363234472510317,0.7031546558567531,0.7819369073849246,0.4599052715982343
1610612756,1997-98,0.2823044563348918,2.6924319399192305,2.0263102597556824,0.0712183211835326,0.4061150579516625
1610612757,1997-98,-2.7404420918592387,1.7939756480549371,0.01849802092420876,0.9823453384894587,0.8668971053339973
1610612758,1997-98,-3.1406283126847874,-0.5901918969298238,1.829109621032005,-0.09594661888090288,-0.14483258864012127
1610612759,1997-98,-1.580214159676689,2.83919280300807,0.09804001962554634,-0.07456827157571332,1.2432512105365823
1610612760,1997-98,0.7849418412681783,3.1366994500248278,2.1221066663969537,1.0906782877968966,-0.5373333162741817
1610612761,1997-98,-4.58715863864199,-1.7438159051175914,2.3243458296093955,1.3562340305340015,-0.28740696679010036
1610612762,1997-98,0.9132761594273442,3.156523444853182,1.5933608943717232,1.7287025176541513,0.5385703383733079
1610612763,1997-98,-2.797167349678209,-1.4170077130796321,2.42613095470595,1.3099236605736535,0.7929550694671771
1610612764,1997-98,-1.0763330518274135,1.0185824661928908,1.2804183612208782,-0.20535357759472836,-0.8668301071058216
1610612737,1998-99,-4.680175272940342,2.5070883346967463,-2.848036654469003,-0.14675024377518936,-0.6764731210393994
1610612738,1998-99,-3.4125837764973035,0.39628636368390724,0.5278914512350827,-0.27978554514202775,0.3261222032063259
1610612766,1998-99,-1.4240162273398347,0.9411591495218181,0.38365486663595244,-0.8898298775489897,1.6252991953114955
1610612741,1998-99,-4.896627107955729,-1.0549570959032737,0.6294269289464716,-2.3889111449301925,0.5811313067561558
1610612739,1998-99,-2.9502944239754845,1.1874006085121886,1.4637888005857742,-0.8568199996463192,1.1680326874328733
1610612742,1998-99,-3.1102704796060574,-0.12459197204472806,-0.5607657825251096,-0.4517472335563009,-1.2659098758490783
1610612743,1998-99,-3.1700831167083914,-1.5348322776104988,0.4073049315613004,0.4128639559991276,-0.8071594796287566
1610612765,1998-99,-2.4775508473989105,2.4217049334829377,-0.6497487894681593,0.20499912898880426,0.8185251503064871
1610612744,1998-99,-4.3714561572175805,0.8982347988568733,0.05276981061654248,-0.9800109756181599,-0.5223951844133904
1610612745,1998-99,-1.7118907137042232,1.8880052997594394,-0.06378146548896897,0.684536332760585,1.172809724671797
1610612754,1998-99,-0.5219475113181375,2.0978219664947524,0.022672105771206333,0.037963346833946046,-1.2442792932380835
1610612746,1998-99,-5.571265570808092,-2.021117109893458,-0.5458877973298117,0.9789152890691167,-0.779766253561099
1610612747,1998-99,-0.8481896487686187,1.6052201759237577,0.3210611648928961,0.8056270020657833,0.026900738288710244
1610612748,1998-99,-1.5798366932579768,3.056055403012864,-0.24465874747716307,-0.3532478855346223,0.8523296038702896
1610612749,1998-99,-1.9610149876715606,1.7662156211771614,0.8128686202098517,0.10774976839321607,-0.3038704239259605
1610612750,1998-99,-1.267961060151007,1.453061033505697,2.0984546212169928,-1.9699558958093975,-1.7165671276507377
1610612751,1998-99,-4.086322172632758,-0.5698616052007652,-0.9501413774517157,-0.748426498462616,-0.6290108873655396
1610612752,1998-99,-3.811688862940635,2.040881811410873,-0.4992043719018821,-0.7859973506488588,1.1165927486579008
1610612753,1998-99,-3.494046002421392,2.8757491940033844,-0.060921794848498696,-0.11349993587921985,0.6499781148230671
1610612755,1998-99,-4.495106134734843,2.286175916102108,-1.1829164351021684,0.06180864567560182,0.2648139488967111
1610612756,1998-99,0.1363583064832539,1.5461054054524648,2.16961049479867,-1.165010812521612,-0.3485843513114543
1610612757,1998-99,-1.8447695154733936,3.2299542842922957,-0.40522208614428407,0.08574008129839734,0.1951585970102585
1610612758,1998-99,-2.3917393285792676,0.7260879385556067,0.5306670017632156,0.5746961445304389,0.570634936640325
1610612759,1998-99,-1.538061899342473,4.0619865328820515,0.12660588775901307,-0.34673228929667177,0.5438058543804197
1610612760,1998-99,-2.226287171818179,0.8507435102934762,0.6759225015821114,0.6020507990482333,-0.23455824662215663
1610612761,1998-99,-3.6425432289469484,0.9638448365681704,0.3162331795965439,0.39757806019829717,0.006337155280526932
1610612762,1998-99,-1.0160487498118098,3.934456843498562,1.1429217659239739,0.29614379977251937,1.5719368496028645
1610612763,1998-99,-5.490136782121276,-1.415655839727825,0.9171937650633148,0.6990863079855623,0.22614527043637397
1610612764,1998-99,-2.505429000476226,0.14960021367864135,0.7360736896065198,-0.9151921318121503,-0.04681432806859822
1610612737,1999-00,-3.3686369114968193,-1.1057278202130059,-1.0004902474437387,0.1728581890145555,-0.39182799534973684
1610612738,1999-00,-1.5589183432047347,-0.23410369306296916,-0.6323651590710367,0.11580494938111023,0.03334696561343628
1610612766,1999-00,0.5329898267555517,1.2388722489583968,0.3738271523461381,-1.5873334398798953,0.8902245469211623
1610612741,1999-00,-6.174553209063809,-1.0574430547807523,0.37372384825471616,-0.06721231778901106,2.195224033770857
1610612739,1999-00,-2.308246086999041,-0.3468950604671449,0.6111674149063238,-0.3713214064783252,1.6703681662223526
1610612742,1999-00,-0.2399470855815623,-0.19852723745267717,0.970216329507967,-0.19136341993110575,-0.7095948667785986
1610612743,1999-00,-1.4003598348064805,-0.21264054625426618,0.6793942678111081,-0.17175936763825592,0.28081215530654363
1610612765,1999-00,-0.5747328828299247,0.035102840257011686,-1.0744013587027346,0.659466541869216,0.6317481447310634
1610612744,1999-00,-3.4619809322523367,-1.7637244680961572,1.130287088114166,-0.290996586175376,-0.3274537295019323
1610612745,1999-00,-2.0919231907025266,-0.030232740606168297,-0.3165297349551616,1.0489351379258396,1.3970875051660279
1610612754,1999-00,1.061715417592226,1.568897957602555,-0.08080037780469496,-0.3470722640709433,0.3447234643917059
1610612746,1999-00,-4.265379487550981,-3.0740676598623153,-0.682254722726202,-0.38625971531088854,0.3764519955063839
1610612747,1999-00,0.6262490573753517,3.2865469393716586,-0.34927111505321284,-0.7508942822671106,-0.2897954857516271
1610612748,1999-00,-0.5068956969214621,2.0711205073859666,0.6225353610391865,-0.8591425337421805,0.8232449992894295
1610612749,1999-00,-0.70830249151018,0.46567639859941534,0.9085709692562294,0.994941159443121,-0.2897803595612026
1610612750,1999-00,0.944158277994107,1.7172216587742324,2.185464330195929,-1.3783708157100893,-0.14792285428277085
1610612751,1999-00,-1.4733130484602874,-0.36280356192014807,0.3765600481492871,-0.4374843606928481,-1.0949863958757822
1610612752,1999-00,-1.5592805038900721,1.2868838579253756,-1.2935090369404258,-1.0033135335173562,0.49270294834217826
1610612753,1999-00,-3.0351312040941876,0.711912273725721,-0.5860735681483391,1.1579466210582943,0.929657926917385
1610612755,1999-00,-2.348785004942421,1.702989269263373,0.11420823707713064,-0.49922115981405313,0.22776339446062097
1610612756,1999-00,-0.6627133523823313,2.5131706362477377,1.1726268709920782,-0.19986034531307295,1.6443632969322222
1610612757,1999-00,-0.12087784676039338,3.0716380954177884,0.5064486755044227,0.4551584661908072,0.5586653234013742
1610612758,1999-00,-0.5761558059229481,0.6822530371439801,0.15603974211545493,0.07649271932265878,0.8334548554350736
1610612759,1999-00,-0.5018717433229036,2.480551637521964,-0.46586645369182966,-0.6994870587345018,0.8144790102155647
1610612760,1999-00,-0.5333535345134397,0.7815507316730492,0.8342068552912971,-0.41768340051691255,-0.5927841461133498
1610612761,1999-00,-0.5648714375791049,0.8153957671617402,1.1115504267011755,-0.900466489792754,-0.6800343375917307
1610612762,1999-00,0.18781541683008335,2.512110791057053,1.2517635338316104,-0.1531925911512895,0.5339045724021827
1610612763,1999-00,-3.307192201653329,-1.0640227025222242,0.38429148923829526,0.7486501681407409,0.8769705505403168
1610612764,1999-00,-2.3819961569938073,-0.5092567261481312,0.25775370198788294,0.4240913006070987,0.44298001628764316
1610612737,2000-01,-4.1393976986446885,-0.8652543688976432,-0.9066489816181741,-0.3598585181008249,0.8695322140549913
1610612738,2000-01,-1.9626336012015182,-0.16280898760068108,-0.4493379558949372,-0.7672931202322317,0.9025710059072402
1610612766,2000-01,-1.2104267878195665,1.8109228371649584,0.3175624465230733,-1.8658078099440056,0.20547180153281042
1610612741,2000-01,-3.7266385052435536,-1.618486361166098,1.6321957743067275,-1.291935950349453,0.6514290716978774
1610612739,2000-01,-3.45399996172193,-0.1510431212031521,0.2932102027414869,0.14838124692550758,0.6135729323662645
1610612742,2000-01,0.30749586289930664,1.3097633418736858,-0.44656840591820907,-0.4055959833645462,-0.07394567119887731
1610612743,2000-01,-0.4513340798419276,-0.02058552733785842,1.3412151222958284,-1.26043014320061,-0.4864102260249519
1610612765,2000-01,-3.217531360921055,-0.1186067129032443,-1.0266525431889717,-0.4425539782333835,0.15355396283432146
1610612744,2000-01,-4.290921251975636,-1.7079821994278699,0.8498716425915579,-0.586918062719368,-0.49612467039499986
1610612745,2000-01,-1.1766318533646005,0.9738697883508355,-0.9456556945771177,0.36692010579008866,-0.07334632757947133
1610612754,2000-01,-1.9156730355902303,0.9546549975553965,0.13895774538212452,-0.9196404583923319,0.5084448311342954
1610612746,2000-01,-3.3518046493453606,-0.012585727567579919,-0.5077972185491589,0.13251613996507391,0.12458280415038654
1610612747,2000-01,-0.05482047629041574,1.8105098412671796,0.4169991068983716,0.5357466608718613,-0.486366813464373
1610612748,2000-01,-1.5620061631689892,1.882148995187881,-0.8012794263534176,-1.968603541132107,0.03205310623014237
1610612749,2000-01,0.5433682657985215,1.4382839482473508,0.2665751022398392,-0.12892354464971245,-0.5034198835186033
1610612750,2000-01,0.2589350977887387,1.3802159381201802,1.9398965889398756,-1.050317933098345,-0.34157565454643385
1610612751,2000-01,-2.948354759188654,-1.0603720515342516,-0.15686808597912083,-0.9228831596896708,-0.20771950130514347
1610612752,2000-01,-2.049801457822853,1.8340795011070439,-1.6777933793170323,-1.4159062566395928,0.569501946746284
1610612753,2000-01,-1.8828312152605267,1.0501497325924243,0.5470707725767427,-0.10500764500583691,-0.1676799373093456
1610612755,2000-01,-2.0151973991999634,2.4867624591979216,-1.1585312895005206,-0.05563146429622299,0.5560148238972449
1610612756,2000-01,-1.3290622065962459,1.804781517370837,0.01222289253106588,-1.6526996852505087,0.8294648485306293
1610612757,2000-01,-0.5096190058432362,2.3283932314984805,0.8664402282313547,-0.008556074981902743,0.7537340219412776
1610612758,2000-01,-0.3566871760534767,2.065778555435801,-0.1662699932491598,-0.3046751547065949,0.04306346737929835
1610612759,2000-01,0.16461320908044125,2.9810582278238225,-0.6337693167243476,-0.8330766354943262,0.19189054895116323
1610612760,2000-01,-1.4479284014295266,0.8375195313136403,0.6201552405268258,0.5889282794916537,0.05594850802400601
1610612761,2000-01,0.07214091671663055,1.5376310824957766,1.2907210429380407,-1.1592463329695597,-1.260904822645861
1610612762,2000-01,0.12997761074210565,2.6239291031878187,1.4352500331571283,0.1754076287379252,1.2628968335006248
1610612763,2000-01,-2.3828356078604394,-0.8942695056895695,1.5270513594431336,-1.1682951479741677,0.9173896834627749
1610612764,2000-01,-3.7641990203492477,-1.4449563930862392,-0.04800873241748602,0.5802446270553591,0.8676970030638793
1610612737,2001-02,-2.4211312563572673,-0.681207669059407,-0.39924381001687786,-0.3169218281769142,0.4306322869815212
1610612738,2001-02,-0.38652058035524167,1.001628304181119,-0.6147633277355143,-1.5807597563760771,-0.22423890542682107
1610612766,2001-02,-1.5204156598506398,1.2825395693044868,0.24412790385935668,-0.4271701950216459,-0.7183107806041589
1610612741,2001-02,-2.9138001333078183,-1.5212909862060617,1.219992829113841,-1.370334358425976,0.42176479670650785
1610612739,2001-02,-1.187076089597424,-0.4348293088017379,1.3007867244438,-0.3126444613090605,-0.2053337853223578
1610612742,2001-02,2.109647944227547,1.018956533049105,0.21291182361980815,-0.11557723670743465,-1.63734348192389
1610612743,2001-02,-2.882546264691528,-0.6362070379369685,1.5707925333292534,-0.33796519897914146,-0.7934111176412773
1610612765,2001-02,-0.6104230968454799,1.4572668926482897,0.22678869365434468,-0.6018184289263714,0.5782515520556244
1610612744,2001-02,-3.969994859992759,-1.1379210963695277,0.4115615149562732,1.420333001455931,-0.2827262887393247
1610612745,2001-02,-3.280722348612045,-0.8376582447160588,-0.461310958290369,0.18850619823806908,-1.360547832508327
1610612754,2001-02,-0.9662199683576441,0.7858017528161236,0.6253986185651917,-0.4805038765613462,0.5477970535987227
1610612746,2001-02,-2.1402880123311165,0.7289179452295323,0.4473661672676789,0.7653981799416095,-0.7419663635360839
1610612747,2001-02,1.2122761940942444,2.424757621711816,0.4406923173586463,-0.5908771441830412,-1.2521619302613425
1610612763,2001-02,-3.683277006790059,-1.0870508574303253,1.2353528949170893,-0.6761031632068876,0.8684717088538337
1610612748,2001-02,-2.79290268673528,0.7815371709754109,-0.5049172587965358,-1.8824175752061851,0.5391197741065178
1610612749,2001-02,-0.05462267635240555,0.3500991329815738,0.9139282455805462,-0.2921213443750822,-0.09059683487163048
1610612750,2001-02,0.7031618907586474,1.6781518923312528,1.2039072959832087,-0.19093490128983792,-1.021313153293137
1610612751,2001-02,-0.5883168840390539,2.3120354950245483,1.0335418312707587,-1.0380144095904762,0.006142802481754288
1610612752,2001-02,-2.079445560399743,-0.4843146029618577,0.43361175786300676,-0.9711993578512956,0.005017654820124155
1610612753,2001-02,-0.08824207096412315,0.5338612895782932,0.5779759720514839,-0.23031025035206143,-0.7757064036787319
1610612755,2001-02,-2.8711578593699922,1.6500501608550118,-0.8467174134045875,-0.3064219695564002,0.12265011790852186
1610612756,2001-02,-1.8433201253959186,0.5794328606658062,0.986609918590024,-0.42516765639921744,-0.3919995500367472
1610612757,2001-02,-0.3728259761451942,1.9020968193640024,0.756063471599881,-0.0154066808237037,-0.38326266580269724
1610612758,2001-02,1.4261872483140134,2.3903804606774437,0.22311178816245097,-0.32112801429288707,-0.34333290574388325
1610612759,2001-02,-0.7303608725259447,2.5747919524818177,-1.034757427637321,0.048302122482863176,-0.005989365105363867
1610612760,2001-02,-0.04898062782660534,1.6268029207636923,1.9005839994511042,0.26972171468519784,-0.7522838877659821
1610612761,2001-02,-2.409252058178231,1.2735618739858359,0.9425190394547689,-0.4625835723547565,-0.8057217870102255
1610612762,2001-02,-1.7085624664968124,1.6492492567104078,1.480639905805381,0.8648680270318152,0.768472833401702
1610612764,2001-02,-1.4680454515963461,0.37776864021867196,0.6170777075337972,-0.7552814636370949,-1.5316403154344074
1610612737,2002-03,-2.744291345870625,-0.2607887907193767,-0.24867155542591826,0.23830137823344502,1.1250172551835034
1610612738,2002-03,-1.6578572181528664,0.4294004199577409,-1.1060763004193777,-1.5224997669517375,-0.041087137599155395
1610612741,2002-03,-3.021031452833653,-0.6605013746355072,0.4765855010794941,-0.04004412254772582,1.104861764688403
1610612739,2002-03,-4.839791367477171,-1.8176835924572687,-0.029967770703709925,-0.031538601925903124,1.5008399231546303
1610612742,2002-03,2.2702364366538546,2.2007924042043365,0.41459208060700886,-1.0445739265383762,-1.6956738946492844
1610612743,2002-03,-6.015912059372911,-0.7182237319687758,0.3670474012418469,-1.0833226353999115,1.9169648097245124
1610612765,2002-03,-1.0767786345096695,2.044133373923023,-1.0348246177853082,-1.3363356473191852,-0.3401539792939537
1610612744,2002-03,-2.219318599939246,-0.029714226823568026,0.19478888825108892,2.242557368064326,-0.83698561992911
1610612745,2002-03,-2.8477848462198327,1.1879480621202136,-1.6154938570367714,0.5081741906121061,0.044567213742948364
1610612754,2002-03,-0.6869512439624835,1.806943410389309,0.45853657264643616,-0.7216151187318166,0.16379221412552147
1610612746,2002-03,-3.1389258260797743,-0.6828142957396065,-0.18101302148069076,0.39134821208569004,0.1635319097387753
1610612747,2002-03,-0.23788346512823552,1.264860931837557,0.465267025177292,0.041154877695073665,-0.35999868818245384
1610612763,2002-03,-1.5914156907965886,-0.6034236042658727,1.5200482574254246,-0.07570691271141114,0.28057476193044134
1610612748,2002-03,-3.92496815875942,-0.5910633712917316,-1.0204214257727395,-1.9781857708062125,-0.4000427339280864
1610612749,2002-03,0.6121079234395104,0.2531293224623839,1.1988819056112472,-0.3145992653757841,-1.2812871552744367
1610612750,2002-03,0.7787013647395369,1.4949220701087143,1.5512592546236297,-1.1109181243880892,-0.28487091832134814
1610612751,2002-03,-0.8103179385264507,2.316738173892395,0.05508261258137079,-1.1214207975820498,0.4244301699073166
1610612740,2002-03,-1.75797308059914,1.8823204552976947,0.15963988802649828,-0.3687559455224829,-0.26099763668466874
1610612752,2002-03,-0.5595095412119347,-0.04689960964687605,0.4486250014404833,-0.9659912514716296,-0.09384264334028315
1610612753,2002-03,-1.1522828963443448,0.2190086518167683,-0.42394291633631703,-0.08732021949858149,-0.42650651843836657
1610612755,2002-03,-1.1565492382311082,1.4128732190132196,-0.5140029171075453,-0.3463848087913215,-0.02654772552176699
1610612756,2002-03,-1.9258550239579844,1.1564141172873286,0.06343205000081756,-0.08141428908744212,-0.3878632984100047
1610612757,2002-03,-1.1934910853806882,2.0163038328000833,0.6205027786279458,0.2601965916119879,0.284889122643169
1610612758,2002-03,0.8260794873088536,2.3770922983876224,0.7537141845813792,-0.9481940621748137,0.463209417704926
1610612759,2002-03,-1.4850980965255094,2.6628526210135157,-1.22172565937617,0.5175806751899149,0.8144608127266946
1610612760,2002-03,-1.170386951483248,0.9112092644947456,0.7286018526353576,-1.1887891300136946,-1.0003433159738602
1610612761,2002-03,-3.350608434830112,-1.0771140726353983,-0.0018056112630303871,-0.581384083690194,-0.8501478065769559
1610612762,2002-03,-1.4236032959126352,2.3986199351479,2.1988732314556145,0.7224480805523988,1.4216351202788826
1610612764,2002-03,-1.8715334502493455,0.4288996958691028,-0.21446776717588112,-0.9756863791786674,-0.9884207814457937
1610612737,2003-04,-3.2955900583977527,-0.6577017182047946,-0.3361339408944769,-0.0943869660997486,0.8465168795435011
1610612738,2003-04,-2.298412750066528,0.029347445122559646,0.001806668405379449,0.06034830843092405,1.15747493079408
1610612741,2003-04,-3.7561620248302945,-0.7677286598411639,0.7780425717631326,-1.339964614743685,0.6929109532352415
1610612739,2003-04,-2.4264598391688916,0.363659116615775,0.7120351524311636,-0.6063125570795139,-0.4538407719023645
1610612742,2003-04,1.7504668097484974,1.2976504326011429,1.2134933724933146,0.07576125464610849,-2.159984372052747
1610612743,2003-04,-2.104639504567602,1.1011008687175095,0.47101422644481705,0.4380306890712243,-0.004405115038844285
1610612765,2003-04,-2.4191066737774567,3.357112555746918,-0.44202195894557883,-0.7231939118994455,0.3779260731171891
1610612744,2003-04,-2.0590749576529808,0.42191673541541147,-0.27836587193281276,-0.4985475652042262,-0.04855088551765256
1610612745,2003-04,-2.9749326181571027,1.7598486911816609,-1.451740512052798,-0.23707804600354337,1.688763237264954
1610612754,2003-04,-1.0813024697760087,3.3310921574116477,-0.4084531847880074,-0.9719713148982752,0.2625588007258475
1610612746,2003-04,-3.6258121341418716,-0.4935513979112863,0.1354703304087864,1.2971599640492972,-0.11833211412333854
1610612747,2003-04,0.3160081158586095,2.0020295784105997,0.4580988797828775,-1.0880609536804815,-0.36659286691084164
1610612763,2003-04,-1.242561538639307,1.9086805881731927,1.3438357079627121,0.008654243377579795,-0.0912568166049723
1610612748,2003-04,-2.0952034287109633,0.9686078728848514,-1.091319994552085,-1.1606304360084891,-0.4663806459319029
1610612749,2003-04,-0.0241851121133734,0.6358509187119381,0.7422896951714135,-0.739105190276783,-0.6869065238311105
1610612750,2003-04,0.5860480414688803,2.6986421154203337,0.7919647229324241,-1.539303269072107,-0.7625952085813549
1610612751,2003-04,-0.6534392647323982,2.059132701645,0.8889811375158921,-2.4161971604814423,1.2423238354544097
1610612740,2003-04,-2.6236857745940028,1.2196857162454033,0.15724605393103794,-0.42372180947292076,-0.19348970489310915
1610612752,2003-04,-2.3931611423728714,0.5561728483173786,-0.4753395428672645,-0.6340302211752209,0.7959701741444628
1610612753,2003-04,-2.857551929622617,-1.7542654397104616,0.5575695395241936,-0.0831960914122859,-1.566829798869733
1610612755,2003-04,-3.7111347054819466,0.5896245092517111,-0.08529299745842064,-0.6569885581610126,0.7276763062062095
1610612756,2003-04,-2.8721640149682965,-0.7164439337797284,-0.14315962918214462,-0.06678480227213152,-0.023799947791815487
1610612757,2003-04,-2.5245009766078144,1.2441963943684766,1.1378021776687168,0.10280872478548247,-0.4598516106053823
1610612758,2003-04,2.023458335157659,1.8961750717219659,1.9955531935073594,-0.3636817585289673,0.05348186838051742
1610612759,2003-04,-1.7122008764160872,3.37801090449835,-1.307962438460236,-1.2101475411751472,0.3695144118569854
1610612760,2003-04,-1.0321228945950227,0.22659276634635617,1.1393256319471734,0.5291856916979564,-0.2938169588916693
1610612761,2003-04,-3.381936047060603,0.34108883939632245,-0.15262051982566413,-2.290148829201849,0.08384392980524502
1610612762,2003-04,-3.9930446988666097,1.6016529842325402,0.020893237155575336,0.7792239804060833,0.6133175994558114
1610612764,2003-04,-4.94332832988118,-0.7133694700928626,-0.5629491672010921,0.6001731652289481,0.814801757520378
1610612737,2004-05,-3.8054444090743904,-2.4787943765754656,-0.1459028435740901,0.07479045360946936,0.10833853541672317
1610612738,2004-05,-0.6709137692599466,0.5641215114440588,0.3090226458820629,1.014633161749061,0.5860316144636729
1610612766,2004-05,-2.6673368971528366,-1.3525478557983897,1.0789512549636768,-0.7229084581044299,-0.7861603029329152
1610612741,2004-05,-2.452255105270832,1.4509916065984214,-0.5209357709837408,-0.07648739798931908,1.2637635827321787
1610612739,2004-05,-1.2245268491407264,1.1334996316467274,1.2511795444950062,0.32795512575402086,-1.255126773509091
1610612742,2004-05,-0.012935030095832844,1.7733950479686689,-0.9647634496481874,0.9739125927381921,-1.2655906473448224
1610612743,2004-05,-0.17088697024764826,1.2822350654799328,1.0072603981409558,-0.03577673984369645,0.2645090093927099
1610612765,2004-05,-1.085773575506252,2.600399286977097,0.26728310567354835,-0.4637184690839906,-0.750074737105073
1610612744,2004-05,-0.9760955394909527,-0.42359378829617406,0.9164433819664839,-0.6482689882265061,-1.1858529334550807
1610612745,2004-05,-0.25740728448758043,1.8532420970963661,-0.66322074165487,-0.8434061063373641,-0.08671692790624692
1610612754,2004-05,-1.9139349772089864,0.9106574947101561,-1.2428072013900444,0.09925445864447595,-0.2636307900269322
1610612746,2004-05,-1.5704294859026209,0.7836824760169931,1.1170132020887846,0.4627138799523501,0.46955816040176335
1610612747,2004-05,-1.2913099808738129,-0.7220399355102934,0.13737149161294115,1.0382796171948627,-0.8834678354985844
1610612763,2004-05,-1.483163171690601,1.64452088808195,0.4888792981065826,0.19129308730781003,0.03673793942891598
1610612748,2004-05,1.1027875824021127,2.1564716717546575,-0.4374770148992664,0.20387200634765268,-0.3009303062510117
1610612749,2004-05,-1.1272293048177597,-0.7013045487551554,0.4312689121740793,0.20416960972172002,-1.0472331423463577
1610612750,2004-05,0.2822253022882805,1.150084661544058,1.5693918653202237,-0.34020529502115715,-1.0087022624521238
1610612751,2004-05,-1.5001327623185015,0.6576680502715944,0.14424481144932408,-1.5262213588018156,-0.00749775911722313
1610612740,2004-05,-3.6965726766740796,-1.0381808603883789,1.1916984931171322,-0.7910236391308445,-0.48908106751484304
1610612752,2004-05,-1.6176950687484097,-0.5074511795780381,-0.1315435663857407,0.5178928602363094,-0.4485784628689638
1610612753,2004-05,-2.4025371315703756,-0.5063152639799422,-0.9580557681080525,1.2760593199312513,0.1588942886091044
1610612755,2004-05,-1.0837413894343424,-0.0765933715387971,-1.0941635411300088,-0.5159648490777674,0.8110850722992067
1610612756,2004-05,2.1336306061823165,1.7067732498956178,0.7498313944082436,1.5212016578215795,-0.7965526054371144
1610612757,2004-05,-3.1333208845546205,-0.2823741168657869,1.2373369758749957,0.9155241075844248,0.21043867881627892
1610612758,2004-05,1.2869791273705298,0.9382889323518174,1.7734128182924576,0.1268252094097897,-1.323086065561102
1610612759,2004-05,-0.10564845559338988,3.163721559197708,-0.347942386246052,-0.37039274989080523,-0.4371334007532063
1610612760,2004-05,-1.114248273915444,1.1786882809010248,-0.9948311099068318,2.225281238919341,-1.9019843316867167
1610612761,2004-05,-0.11214887960743222,-0.974896344915876,-0.1665990895693279,-0.447877137937641,-0.8005873256905077
1610612762,2004-05,-2.4493531682749494,-0.3275759496391554,1.0494435974378453,0.5910344201498156,0.21714531659593922
1610612764,2004-05,-1.8136503955848329,0.20631169303265762,-0.7149815684424161,1.226675501356085,-1.3695075649086688
1610612737,2005-06,-2.635948245381478,-1.1495108982999351,0.2731455079036917,1.6342970032254918,-0.37759270078724766
1610612738,2005-06,-1.454454960352,-0.3738366978354117,-0.45678895823815197,0.6845319837413238,1.406449183108143
1610612766,2005-06,-1.9412634068323367,-1.1350610059539141,0.2525970199199454,-0.6339522503148235,-0.7459155914616544
1610612741,2005-06,-0.8417527451028073,0.5280917367024244,-0.20003642792783055,-0.4935694020669441,0.3143349996132098
1610612739,2005-06,-0.6230606528349507,0.9043560696534128,-1.6643295852627877,0.30802570353374814,-0.6945092846404907
1610612742,2005-06,-0.7540902593944586,2.40080089083655,-1.7340530347606937,1.7621814992446978,-1.5272844812164459
1610612743,2005-06,-0.1945364854930149,0.490921655507014,0.7468474146370404,-0.22372320399784082,0.16105963915816698
1610612765,2005-06,2.0257820738002335,3.232280065461984,1.8850804055921144,-1.1143113636854798,-2.1643729620115684
1610612744,2005-06,-1.1153909604984529,-0.46949973815933443,-0.25174958802079866,-0.42712525168005094,-0.5948146131082616
1610612745,2005-06,-2.28011920057526,0.18952241039285386,-0.9031679291280061,-0.9949189800393731,0.19955373719962644
1610612754,2005-06,-1.7661577795576897,1.064199744630662,-0.923995045817647,-0.030521575110207318,0.6008699061013402
1610612746,2005-06,-0.22629003565340677,0.7187511793816154,-1.0865068725642946,-0.6768648957031616,0.4146736993881019
1610612747,2005-06,-0.1960826328087852,0.9004942719765109,-0.3788219515915071,0.20261295676126084,-0.588144255476723
1610612763,2005-06,-1.1977304697957933,1.959564064762847,-0.7727537061929515,-0.30255462574798453,-0.2745187990693133
1610612748,2005-06,0.4449717651973711,1.1856138843476411,-1.4210619268101212,0.2486226681548856,0.35117810069686306
1610612749,2005-06,-0.5676685624702015,0.03355592478320114,-0.2832089940958257,-0.07669803647800981,0.024606792091814784
1610612750,2005-06,-1.9382806372903225,0.2306789604494099,0.6323036449234388,-0.6133809369817408,-0.007220835424596266
1610612751,2005-06,0.4907489553573977,1.142196026187031,-0.05652226560958155,-2.128032676111583,0.4546790585467084
1610612740,2005-06,-1.653752349563672,-0.34476364526257314,-1.2339468510159808,-0.8337955229662536,-0.9729974125370907
1610612752,2005-06,-3.9422271078789626,-1.4948726398772652,-1.2871387286559366,2.088906744169463,0.8044035993681727
1610612753,2005-06,-2.3037130118324534,0.1295560084100937,-1.00354115546392,1.3709879362418618,-0.2836416790374609
1610612755,2005-06,-0.8018371589366512,-0.5214119872853014,-0.2715020405068935,0.10798629730147213,-0.47683554838569975
1610612756,2005-06,3.530512449500298,1.074625265262065,1.5395710759324446,-0.8259739199544848,0.07372695305901979
1610612757,2005-06,-3.890566540740715,-1.9989380715374878,0.4392748037184445,0.2703036101771468,-0.7019866664401122
1610612758,2005-06,-0.03621799510472716,0.7097661003632874,0.0839855627230196,-0.2221508363663396,0.3880301672825162
1610612759,2005-06,0.37533967826310555,2.891945965581813,-0.9264552055476074,-0.6025473578881546,0.13787404620280763
1610612760,2005-06,-1.0485482383763005,-0.8428533579479386,0.6990831766850887,2.391024000058775,-1.0929709014392421
1610612761,2005-06,-0.07509660589080011,-1.675327904608623,-0.5474800232252223,0.3360909341988294,-1.3190537679812717
1610612762,2005-06,-2.475206471784768,0.7218543445404694,0.3056474494336275,0.5382211842760933,0.14690388598173446
1610612764,2005-06,-1.1736838488267636,0.3213727801553075,-1.1861201178041128,1.356860329149206,-1.342972011200434
1610612737,2006-07,-3.2462339930462623,-0.660180546037452,-0.23974846015187545,0.9491480492501368,0.03617419498418033
1610612738,2006-07,-2.5348561176971516,-0.9737706714892608,-0.8268230721335298,0.4631205771215502,0.9230539085616374
1610612766,2006-07,-1.3199728071077297,-0.5959225044756127,0.7630807216300673,-0.3893203239345336,0.047509963015871536
1610612741,2006-07,-0.8438710246230372,1.8992417984879055,-0.6063977587276062,0.024507223179105513,1.0298688633380069
1610612739,2006-07,-0.8926516140843676,1.6589866557375796,-1.12005435087244,-0.3732071163315428,-0.29866401982033464
1610612742,2006-07,0.6368890001025304,2.652151877155337,-1.726783332415476,0.8837804941804025,-0.40214328037706204
1610612743,2006-07,-0.39430560347090476,0.4915254053643787,0.34830249290376675,1.3813612056226128,0.8106977652707533
1610612765,2006-07,0.47927001568565386,2.0565720389254674,0.6913382230200064,-0.5865901073075113,-1.61956369807571
1610612744,2006-07,0.12170913881133649,-0.3951297398641198,0.788973759017261,0.7863116500847299,0.7887774712881073
1610612745,2006-07,0.04188524133392837,1.6712364143887444,-1.398286591915428,-0.8634457217972045,0.33117024798209876
1610612754,2006-07,-2.4546456050187606,-0.1393429070180935,-0.47852905800969936,0.44338820922197114,0.6530772859692386
1610612746,2006-07,-0.9223671159124579,0.3798300571027349,-0.29330321563104794,-0.12371088983458255,0.5910107232365872
1610612747,2006-07,-0.03147595068291822,-0.04903744316203984,0.171447260869292,0.8915485687838605,0.46054775338657894
1610612763,2006-07,-1.4526346219513888,-1.983345864622397,-0.14664879457085062,1.3853522896909312,0.7494611359831357
1610612748,2006-07,-0.923808712826991,0.32408741943801467,-0.3350358646198738,-0.3336261825296908,0.4016588790728271
1610612749,2006-07,-1.3207429159335775,-1.1619912411784101,1.1083388495051758,1.1095937528854314,-0.2252776949845103
1610612750,2006-07,-1.1423077197366205,-0.6203830021989263,0.5470458516341187,-0.3215924723244769,0.8365993252256365
1610612751,2006-07,0.498398668291973,0.117083847746389,0.6043797465775959,-0.9492989415366547,0.9631412977640327
1610612740,2006-07,-1.8525126166453942,-0.12824933872713032,-1.6362279964964508,0.04754126423805518,-0.5403764010674666
1610612752,2006-07,-2.8086122755015257,-0.5428501031379982,-1.6266640669778982,1.7058064817487595,0.7578537918931322
1610612753,2006-07,-2.8018915818292487,0.8758223748401084,-1.375142708862072,1.6116133803782795,1.0448644368783775
1610612755,2006-07,-2.083498765896113,-0.2667688776878029,0.00895444897117805,0.2792482425209534,0.16603632555268
1610612756,2006-07,3.415041090520073,1.6674042849574486,1.0795301971082056,0.6785046285573003,0.8646609704652839
1610612757,2006-07,-2.60871125970771,-0.7564927336211023,-0.8703413817302675,0.9224299645371709,-0.4323851258760476
1610612758,2006-07,-0.3662711205253067,-1.0898313752880666,-0.7614179524879969,-0.032251994285331306,0.16769495384199698
1610612759,2006-07,1.3864896998688996,2.743862609183833,-0.6107530629269671,-0.4903190710073667,0.521970665233942
1610612760,2006-07,-1.4650959035650055,-0.7826901974955874,0.2076911909520663,1.214014467607657,0.053287987596224454
1610612761,2006-07,1.3277330903166122,0.20791008705927538,-0.2535208433819233,-1.2357561492848081,0.26611315727861007
1610612762,2006-07,0.41745729708633916,1.524810497603587,0.5876586153552121,1.0752691903295366,0.5354416367036449
1610612764,2006-07,-0.18811881741102215,-0.4971090885738394,-0.34955448479590623,1.1478899501608277,-1.233663132286972
1610612737,2007-08,-1.1166926577855065,0.004368146039296306,0.7133234382251116,0.7366750029010408,-0.2994096393020554
1610612738,2007-08,0.9397712245720208,3.5274088657998504,-0.7976125903076359,0.624242036649713,1.046341753772172
1610612766,2007-08,-1.3082934819459109,-0.9484260864984702,0.5912266790745506,0.10842026608085481,-0.17422829426743902
1610612741,2007-08,-1.4899426649677179,-0.45027335587004136,0.5654458716513143,-0.15033971625158773,-0.532570295581444
1610612739,2007-08,-1.2556772007222088,0.46821810839364003,-0.918887190047089,0.09423957625517755,-0.9582878804691921
1610612742,2007-08,1.3288451574741957,1.21375278664076,-0.6932219602885733,-0.08691727172154266,-1.0353709155481137
1610612743,2007-08,1.8010108719296571,0.3560379390438091,0.4829682261752653,0.47961944997873573,0.13840613614608993
1610612765,2007-08,1.5575743775424127,2.9343657049167593,0.5904718755246842,-0.6037402639560129,-2.000500767717975
1610612744,2007-08,1.5124533727492389,-0.2857548850326161,0.20189283324368318,0.8631084005083378,-1.4188140829728588
1610612745,2007-08,-0.21538981459448023,2.080547405558691,-0.562656343214355,-0.4313156529231963,-0.5089525599338908
1610612754,2007-08,0.25754019799802574,-0.9279766602467878,-0.1486001774937741,-0.21995581171379106,0.5385139488784408
1610612746,2007-08,-1.3943677388106963,-1.9908072935858423,0.14558572679658302,-1.4665764202144085,0.24358554957382705
1610612747,2007-08,2.5126077995656972,1.5981620816136133,0.2099591274631831,0.6133124871330135,0.06590817185696285
1610612763,2007-08,-1.3300525492006328,-2.5870433887274196,-1.2653302490822762,0.3269521352946337,0.216276922413966
1610612748,2007-08,-2.350740620451236,-2.4523782263869847,0.4515912023827072,-1.0213141341327718,0.22138547936311592
1610612749,2007-08,-1.7597812884604909,-1.6230358747316065,0.6209210998092886,0.5104258301705635,-0.6513263067480803
1610612750,2007-08,-2.0608352688308553,-2.0079320729692878,-0.27378089609352263,0.04006170789251736,-0.5902393420349312
1610612751,2007-08,-0.7347212486046939,-0.8363798453018503,0.9538638961968833,-0.6730479507077336,0.4605176087079466
1610612740,2007-08,1.9866169268054659,1.601313128146803,-0.2627688807423097,-0.5935961542709752,-1.5524922414420146
1610612752,2007-08,-2.400573703765872,-1.9873263758367592,-0.7659727933999544,0.543688630076559,-0.9808585242503656
1610612753,2007-08,1.3988346495749766,0.9565035640950071,-1.298466438397913,0.7396696156224047,0.33589495731359204
1610612755,2007-08,-1.7315690281298841,0.7200719660893239,-0.1292122570260278,0.7194833786795873,-1.0109080553279317
1610612756,2007-08,3.5149409683022115,0.8854349827692471,1.740272655855749,0.45630277965902677,0.9072880756345847
1610612757,2007-08,-0.3135018613312618,0.3330434988435919,0.653420613782521,-0.38543486743317834,-1.2841559038611154
1610612758,2007-08,-1.1466465917923565,-1.025993857549359,-1.3463196382745282,1.4995483224274508,0.5638007820194294
1610612759,2007-08,1.2332136298793008,1.785898691473744,-1.1202165019635806,-1.6398721200047992,-0.29209910797580607
1610612760,2007-08,-2.4187917362114115,-2.4350150164957767,-0.10534739390135581,-0.3380229877433117,0.41067337418030553
1610612761,2007-08,2.622457578148268,0.5464768155374979,1.190119978087681,-1.609897982094275,-1.1846187394588836
1610612762,2007-08,2.4784938499014095,2.0083717033576742,1.2692727225827625,0.9005308649976743,0.41806785971367316
1610612764,2007-08,-0.5462813890452126,0.10804557780672976,-0.5533781791011229,0.5601671609914782,-1.5195086337838015
1610612737,2008-09,0.2795703210420208,0.6325102987822593,-0.035567910627282553,0.2160367278207714,-1.2633110778467869
1610612738,2008-09,0.8076784254851914,2.787059023969334,-0.575792183542602,1.0347708127126813,1.1291924291624311
1610612766,2008-09,-1.9829595164366514,0.4880714026234388,0.42973531379321006,0.5196032222023729,0.49659348815127774
1610612741,2008-09,-0.7019977133180936,-0.004454635834859821,0.08689963168876876,1.1092399199314893,-0.7061648359732817
1610612739,2008-09,1.3953359597916783,2.9420157101390867,-1.1896505282728609,0.4145335944607512,-1.044940237405112
1610612742,2008-09,1.3883086014502442,0.5307992179633412,-0.1038691657623904,-0.1123391972501836,-1.1441122017337901
1610612743,2008-09,0.42146877434480057,1.0934856512364044,-0.10640344794589396,1.4700166099062792,0.3484278939399538
1610612765,2008-09,0.004897996140119236,0.2678598405436236,0.1341203496321209,-1.0749451967620862,-2.0005616752508355
1610612744,2008-09,-0.3743803947845279,-2.0533335318686134,0.22799060990339365,1.554935031532815,-0.7745657266867665
1610612745,2008-09,-0.022152479295908453,1.5055687158286863,-1.1917683323392338,0.270042500785203,-0.16356243838763634
1610612754,2008-09,0.36717323689711745,-1.018424967204724,-0.5554910690025135,0.32487910311958207,-0.11551667141119751
1610612746,2008-09,-2.085689991364915,-2.3876118475367254,0.6989639721225099,-0.3922687387037375,-0.07401807052511133
1610612747,2008-09,1.9269725097097603,2.2964812516711186,-0.07579879410077729,0.7907216876611461,-0.9399046359803862
1610612763,2008-09,-2.826251861050557,-1.6626101061972027,-1.5042609006580216,0.5703223129908952,-0.0187436834048426
1610612748,2008-09,0.3663360954212141,0.10930607386811735,-0.21661708837836222,-0.5492574291791038,-1.3362282905464151
1610612749,2008-09,-0.42915361302337574,-0.361970963385026,0.1983152048762223,-0.15962418559140684,-0.5146814006609843
1610612750,2008-09,-1.235345751339963,-1.6220011221681183,-0.4139973575481872,0.15944169152243132,-0.7587367275552137
1610612751,2008-09,-0.12684477101617878,-0.9655770911439573,-0.42843704334508814,-0.04382758552852536,-1.0247250706785171
1610612740,2008-09,0.47487799008474396,0.7501623940431535,-0.7649818039178558,-0.3813283842005703,-1.0019850058159585
1610612752,2008-09,0.240565283348435,-1.6346257504259953,-0.46192914566022863,0.27362454278801535,-0.2312427686126047
1610612760,2008-09,-2.3371176523582533,-1.8019767257309605,-0.8529294721983991,0.11674006717004744,0.7190953838426302
1610612753,2008-09,0.8114555491888846,1.7336767136808338,-2.185084873669964,0.06884640453582849,0.14072426020783077
1610612755,2008-09,-1.4352930969895823,0.5460600950669522,-0.09720959614244797,1.0300822078382177,-1.1147036625714815
1610612756,2008-09,1.2863222182054266,0.004950712468137132,0.39655586119599356,2.3834295637198264,0.5295935203702747
1610612757,2008-09,0.4786719353384385,2.067322226003857,-0.49171602667228703,1.3849932922690968,-1.7723653680073803
1610612758,2008-09,-1.8760881600940185,-3.0376363962863673,0.09752445071250422,1.1263693974361424,-0.14692341139327836
1610612759,2008-09,2.1253863376704873,1.2102987719689182,-0.9087641394547252,-1.8906761204352318,-0.8855709227480846
1610612761,2008-09,0.5924798766227949,-1.0444056701201672,0.5074690357590499,-0.8030254412985653,-0.3618224685487208
1610612762,2008-09,0.9599664131464993,0.9818847916855853,1.0349137457326238,0.5753355761001778,0.16592614694911043
1610612764,2008-09,-1.7844464134047902,-2.3394483583040118,0.302495177778003,0.30010584241459193,-1.0556187815822529
1610612737,2009-10,1.415544414133622,1.5276839919284497,0.5854084773498788,0.21269044278994054,-2.1800352516590418
1610612738,2009-10,0.9825557545325637,1.3558363653386014,0.5001432509317272,-0.17431280370998,1.1033518687152195
1610612766,2009-10,-1.7321620840208931,1.1894202134203413,-0.8078362047989059,0.48736540017516683,0.687369125692449
1610612741,2009-10,-1.0428753616887598,-0.11804948607855359,-0.7439171941981311,-0.6340094908617935,-0.2861659504307508
1610612739,2009-10,1.960541995823264,2.0187390991410434,-0.6857328885976834,0.2813477896376219,0.21034825591922757
1610612742,2009-10,1.876542766153817,1.0115001871977933,0.577678007213586,-0.6899741257197218,-0.579063442541775
1610612743,2009-10,1.0313050595601794,0.7961670944744192,-0.6557131776544268,1.2556824327636968,-0.7231184112804292
1610612765,2009-10,-2.1108385420240663,-1.151987256841167,0.01879513892270633,0.42781080300285984,-1.80894983312663
1610612744,2009-10,0.6549875678457922,-2.3417990366677772,0.5796864936042685,0.5276222703978586,0.11794002243120594
1610612745,2009-10,-0.11081856449925069,-0.08166442639373882,-0.2125038443678001,0.3743581789610685,-0.38141070053847054
1610612754,2009-10,-0.5495569345129898,-1.4191252973415573,-0.526010305757433,-0.5388131163200616,0.6785110626749129
1610612746,2009-10,-1.6148568338027385,-1.397310381963519,0.5857279175932886,0.09486939796771836,0.6341780074090322
1610612747,2009-10,0.5761998331376901,1.5655918652938277,-0.9317965256320141,-0.009091334426198782,-0.9617571089820319
1610612763,2009-10,-1.7515325142145486,-0.39378985338773,-1.3494339419516568,2.0867330292446566,-0.9326685580915385
1610612748,2009-10,-0.5314400132291118,0.865343188028054,-1.3009201422847418,-0.2617871004065805,-0.9523550628438965
1610612749,2009-10,-0.049806938191056714,0.7825289883066618,-0.9477049031897254,-1.3973929694116005,-0.733565137329193
1610612750,2009-10,-2.7456518860610055,-3.07805397672572,-0.7267606272329684,0.35226668057785887,0.4101354497029442
1610612751,2009-10,-2.9660977881099795,-2.7768354069151586,-0.2558697910534087,-0.7485300882065086,-0.4414167074975463
1610612740,2009-10,0.5928363508998546,-0.7972341964871136,0.5517318148997399,-0.3771537546947239,-0.5646577714501492
1610612752,2009-10,0.2192718258592987,-1.7529943395340764,0.16262421006680344,-0.0707581043555132,-0.271841052468996
1610612760,2009-10,-0.6673350515597728,1.0957891552415768,-1.1845804834904636,1.0959604045029225,-0.13686008192402563
1610612753,2009-10,1.3224757585301408,1.7693962258740559,-2.2355626986874677,0.6682799885883164,0.2626681846603164
1610612755,2009-10,-1.1900686564095524,-1.172139887669381,0.2210623849906713,0.3222924502105551,-0.37059886726589697
1610612756,2009-10,1.9013410239218975,0.8860840446486594,0.5450246427593426,2.3298519369567927,-0.12136352745097133
1610612757,2009-10,0.6231598908743267,1.304774793451207,-0.20628280926036222,0.26888363607363175,-1.7109478279746175
1610612758,2009-10,-1.4974606657558336,-1.6124503349940187,-0.36972294173579695,0.46938007788347497,-0.3724034649296755
1610612759,2009-10,1.2547233344765203,1.3889856788458272,-0.39979326756690364,-0.04332644880197247,-0.28666929722599616
1610612761,2009-10,1.30219930509635,-0.9730689255391622,0.4619748590067533,0.7882340248377496,-0.7874001529190013
1610612762,2009-10,2.0810103751677613,1.7901560994132761,1.1737476205764288,0.2849930808233554,1.07394020341252
1610612764,2009-10,-2.3794510160418207,-1.3879902107747735,-0.657043539182557,0.5280409505667445,-0.5452764406471736
1610612737,2010-11,0.35217000979883234,0.27582300850296654,0.20003299616796943,-0.9406663993062857,0.09172326371104887
1610612738,2010-11,1.2331814952398858,2.163222357738605,0.15533540366299922,-1.1047762906573577,1.4407681395324792
1610612766,2010-11,-1.3136178761398045,-0.5453528069762682,0.11645851270318684,-0.47884701421674547,0.09099541523028631
1610612741,2010-11,0.37321522477433466,2.9752592123138903,-0.5962508435847391,0.027556044363963618,-0.15691331990472848
1610612739,2010-11,-1.4764556790780201,-2.701955359655888,0.36887663169281276,-0.8141549345916382,-0.3373537104254934
1610612742,2010-11,1.947783332719273,1.5721685873226148,0.37618556927767416,-0.3823481994053146,0.5699421834087693
1610612743,2010-11,2.0848487019765813,0.5118122675196596,-0.80522386756829,0.8003344072142248,0.15921528840221472
1610612765,2010-11,-0.6086604077351333,-0.8369384156389417,0.9841417179108926,0.280975945181708,-1.5835623893613409
1610612744,2010-11,-0.21613659553760586,-0.7822064220160877,1.0948583417459743,0.8733925906271067,-0.43942072590987274
1610612745,2010-11,1.3905505622692729,0.307299392980811,0.9747051264733119,0.5289133953905412,-0.9319802046035611
1610612754,2010-11,-1.3255934504216127,-0.4890961405885334,-1.3604191261042717,0.32338478275412635,0.27560797141254617
1610612746,2010-11,-1.7169763422451785,-0.5089721367435304,0.42484170949267913,1.091207584431836,0.6281950971013536
1610612747,2010-11,0.8864535603078214,2.0988590112648535,0.03302437767640755,0.3893486553691725,-1.2654271575484166
1610612763,2010-11,-0.773459566389499,1.0273647373411883,-0.20883068999588925,0.7703869234979858,-1.0587277601548164
1610612748,2010-11,1.2058186813769634,1.9173737389713905,-1.704122719298183,0.7333423547538763,0.029987990884186307
1610612749,2010-11,-1.7743418779484526,0.08196486734426099,-1.293551116976029,-1.4874924190231966,-0.577020471789899
1610612750,2010-11,-2.7855057561956373,-2.328015568941341,-0.6438401892440874,1.4766498492715179,0.4666338634193686
1610612751,2010-11,-1.6463312057991955,-1.515013610732268,0.44032968458307353,-0.7018742869534647,-0.6625042548436658
1610612740,2010-11,0.16661102174644446,0.6943634799819174,-0.6196734605964195,-0.9444218183200299,-0.5715566705374688
1610612752,2010-11,1.1505661270017613,-0.5595772219115729,-0.04890159096042799,0.7520816554217455,-0.5860011491850613
1610612760,2010-11,0.6388222089904332,0.9938599681266727,-1.0997921863967304,1.1751900603546048,-0.5819184014215482
1610612753,2010-11,-0.172715576669066,1.6521591293467606,-1.7931256696438824,0.5165419427352483,0.4691293364820191
1610612755,2010-11,0.960265745025853,0.33974955674533214,0.1595205573208135,-1.4862045046207286,-0.5264652572294978
1610612756,2010-11,1.2303640131101359,-0.5660612599796684,1.0104294066826633,0.28967090072861984,-0.04797342810200057
1610612757,2010-11,-0.36928147924190197,1.2365632631663142,0.5657741223528566,0.2972704264968749,-1.5038985647540288
1610612758,2010-11,-2.437967171162006,-1.607232536244824,-0.5293258641205425,0.8170519543245974,0.0689606358633336
1610612759,2010-11,2.236791572491673,1.611892107879952,-0.4947238823007035,0.022362243881524677,-0.09776387078259346
1610612761,2010-11,-1.154183766087058,-1.9346685433545239,0.9122090743704042,0.5808532902872603,-0.4560469140377361
1610612762,2010-11,-0.033562632997302215,-0.04005960349018162,1.4445011304207889,0.48646328164845276,-0.3861672326292812
1610612764,2010-11,-2.9758863912706146,-2.0025113470099645,-0.12842001223255825,0.5374052200951543,-0.5573534529803293
1610612737,2011-12,0.17717669257452429,1.6124625051035606,-0.031221512303148964,-1.2613569975744705,0.20173438438187682
1610612738,2011-12,-0.23319321572229124,1.734188082412431,0.812195892019584,-2.159606824664099,1.6392030835948865
1610612766,2011-12,-3.906471169875546,-3.377971789980833,0.9451226846899315,-1.8557466836377579,-0.3856488448354519
1610612741,2011-12,-0.2860574263073471,3.7505232152661456,0.21259131841393553,-0.09704033538326531,-0.6933068213096324
1610612739,2011-12,-3.290864127733881,-1.394948458036775,-0.03103536759892388,0.07785892028248687,-0.28054579258711315
1610612742,2011-12,-0.39457434978070294,0.5946952157517129,-0.9568374247013365,-1.5793138331252818,0.2402669452750352
1610612743,2011-12,0.7021554277437071,0.9411042654624345,0.3034717737172471,0.7444669968711158,0.572084437218343
1610612765,2011-12,-3.5589533365457178,-0.47361519392477436,-0.6889465187216304,0.15712642808345928,0.0829137566370994
1610612744,2011-12,-0.269301657813122,-1.1125473631640936,1.314168132407034,-0.7286481386342049,-0.134987396647777
1610612745,2011-12,-0.9411100889174734,0.4621298820454416,-0.19220355420996793,-0.10466740940476403,-0.29818378384606603
1610612754,2011-12,-1.5353316359403109,1.49646289746744,-1.4475003726885305,0.6492167986721498,-1.1452491611860847
1610612746,2011-12,-0.31949017053052214,1.3866795102043445,0.03688948535097762,0.3363544358124313,-1.2816424616674584
1610612747,2011-12,-0.5549940393455395,1.3040137356736532,-0.2623549200906279,-0.03860071733821266,0.31003224181443345
1610612763,2011-12,-2.0303842239534466,1.5993283633660003,-0.8994533865228941,0.11511941686267474,-0.6327263055553546
1610612748,2011-12,-0.697009139666905,2.2880852516368924,-1.375634693796619,0.4334167768032301,0.5604337501652031
1610612749,2011-12,-0.4180295107501145,0.4013089898154866,1.2125610136663199,-0.4257105778156158,-0.5846044620500118
1610612750,2011-12,-2.006227486116409,-0.6381158605382145,-0.944904849043558,0.3381196352180903,-0.13170347087090664
1610612751,2011-12,-2.755836002696731,-1.1441037219563375,0.22326574128880255,0.2634725296438022,-0.26184959394264656
1610612740,2011-12,-2.791300839740838,-0.24962102339915423,0.2725884660914112,-0.55954819316952,0.667872704818907
1610612752,2011-12,-1.6200860487655677,1.1565264257311532,-1.3859065047238042,0.28755726724387926,0.8051060280779677
1610612760,2011-12,-0.8527944258728448,1.793624670184079,-2.2251558591826677,2.0573167904504044,0.8218255451364139
1610612753,2011-12,-1.2769417175520563,0.863147514103023,-1.1879437779566004,-0.11781210110688124,0.35151307265892484
1610612755,2011-12,0.9035969620913306,1.5055758965225943,0.27817290348548585,-3.1576836071439223,-1.5997765104811985
1610612756,2011-12,-0.04020364416424814,0.20155375385030624,0.5970174690972245,-0.34916823121283647,-0.18058792609080845
1610612757,2011-12,-1.1007610101845873,-0.1548546506720964,-0.2698362979454066,-0.08099609094868392,-0.47824146730890355
1610612758,2011-12,-2.4055307479443844,-1.6573036183891956,-0.2702880463367075,0.5099006520276789,-1.232705513240901
1610612759,2011-12,2.3179259620128394,2.0926444259054837,-0.522081915619979,-0.3033967218039514,0.07626492212504052
1610612761,2011-12,-2.203157501747524,-0.39003456443381723,-0.08903756499144933,-1.0954744528924982,0.6991648760444467
1610612762,2011-12,-0.7226992020706939,0.719636366425798,-0.04364613789889599,0.19133463352094093,-0.9107284592582611
1610612764,2011-12,-3.1397468354918336,-1.1077649257672766,-0.4385530416817197,-0.1451295038602656,-0.10088886827799895
1610612737,2012-13,0.7626027710291866,0.42150557464713695,0.8351917377185559,-1.3393404665160842,1.2586170167124147
1610612738,2012-13,0.036334367620320995,0.2565677331323468,0.42873055555438655,-1.5095585588238056,0.9275166701166379
1610612751,2012-13,-1.2136435625328825,1.3447309585523632,-0.5981188659563911,1.0321384176112876,-0.49976970153082345
1610612766,2012-13,-2.697069880172576,-2.3848421366535257,0.1760945262567819,-0.34953404402449495,-1.0617646244473633
1610612741,2012-13,-1.186544046327423,1.3850351416478537,0.81079578421299,-0.8342743271243286,-0.3012578613975139
1610612739,2012-13,-1.7845519587908534,-1.3597566529674217,0.12117635798400689,-0.0735739038496503,-1.0410831968519527
1610612742,2012-13,0.914927490599142,-0.3097844363784902,0.40082641807070357,-1.11798458364273,0.19591785562143313
1610612743,2012-13,0.48877566158650027,1.9107912586077365,0.900419263907505,1.4622325794287887,-0.1689360234397449
1610612765,2012-13,-2.0320654902321578,-0.7070999993103801,0.33493418518735896,0.1364218012641565,-0.06049309182735528
1610612744,2012-13,0.2832479269395501,0.31359332572316534,-0.4879677064128412,-0.2395542894733392,0.7606776711935755
1610612745,2012-13,0.5246354714171932,0.5653986599213834,-0.435554157339096,1.246829819726431,1.3483526321594481
1610612754,2012-13,-1.865657824768461,2.1233539169215843,-0.9352575965900819,0.10135042509946986,0.04723136724333576
1610612746,2012-13,0.9862555504614992,2.412779265381851,0.6404242304312333,0.709313613561564,0.24091215699554
1610612747,2012-13,0.06865108717613591,0.3138236264784235,-0.2713433073417278,0.6288929176177889,0.19579121642715666
1610612763,2012-13,-1.358742050698981,2.5758749063559576,-0.4531754163281992,-0.3700590943531872,-0.7308920964168615
1610612748,2012-13,2.3620849932516683,2.590033057417828,0.4100680572786116,0.5692274943514947,0.5129671444218165
1610612749,2012-13,-0.9510594970987764,-0.0629762419007623,0.8528025781563349,-0.6960110003277156,-0.7421881872841322
1610612750,2012-13,-1.3342911576107286,-0.30308205469101973,0.34997778257395595,-0.7588733030673234,0.10141057030221225
1610612740,2012-13,-1.7170745512449965,-0.7489562028512506,0.34078852139061844,0.3621657465285352,-0.4325902050623184
1610612752,2012-13,1.083669029980122,1.0815370631750165,-1.3026701792683018,-0.02322710396857188,-1.6693141118442432
1610612760,2012-13,1.2833223451121138,2.3734879595701677,-1.3593030757031956,1.2907694313646958,0.8715665145684575
1610612753,2012-13,-1.3208224978457304,-1.8470297933192483,0.9699270619347777,-1.2463905591814712,0.1136440153944824
1610612755,2012-13,-0.6067764257065656,-0.37671975630459453,1.1074938883746979,-1.9446873559221696,-0.8079480829688289
1610612756,2012-13,-2.104794086614805,-1.365491377598593,0.9065091430401827,-0.5126067478275785,0.3853531550678239
1610612757,2012-13,-0.6848117682941048,-0.7948272862411643,0.1949134204995784,-0.16291483783500732,0.10806031888645772
1610612758,2012-13,-1.291856161276074,-1.4921481932995824,0.3591712636686081,0.7136023484683284,-0.5795205378490346
1610612759,2012-13,2.4723742813978817,1.8109846277062938,0.12814895978733187,-1.174340334207598,1.6534193782986644
1610612761,2012-13,-0.5577973711309014,-0.22967310754954304,0.45546328865056845,-0.41131796561123246,-0.6685393084237605
1610612762,2012-13,-0.6712355903919136,0.6274914413640056,0.5490035172083042,0.2934300873032047,-0.15949847305858514
1610612764,2012-13,-1.7223551027194988,-0.35656966541144003,-0.15453891025187225,-1.6341360896217467,0.8094185567006272
1610612737,2013-14,1.0632476414726018,-0.3696343178309016,0.7293390569841399,-0.902443316395311,1.508221778201072
1610612738,2013-14,-1.9624884721501499,-1.2266409782693128,-0.24968995567923732,-0.2004199835461458,0.23600518679942767
1610612751,2013-14,-0.01979555761966839,-0.18851256440918931,-0.21849307145303956,-0.06267642992244085,0.41117406938690604
1610612766,2013-14,0.782023314936044,-0.02762521958116094,-0.5444873939172558,-2.343055696557857,-0.8706336236498767
1610612741,2013-14,-1.1413863350875073,1.694010562416007,0.05097796746327707,-0.9775724053710846,0.4070711978724281
1610612739,2013-14,-1.068207701147215,-0.8652285033696668,-0.3057848473129449,-0.42759376824825823,-0.6673550033738846
1610612742,2013-14,2.0329854806668854,0.3645486426046415,0.6057573506333208,0.010446561825503,-0.23118471898027074
1610612743,2013-14,-0.5498932207206899,-0.9707761198769418,-0.3362363966557338,0.6274506870037642,0.5063096248567787
1610612765,2013-14,-1.6544543757478494,-1.1482203836625238,-0.04436896605504727,0.8012250650206032,-1.1628419945553243
1610612744,2013-14,1.0727961225207794,1.0673209305433118,-0.8357609595726435,-0.3837554692212546,1.0589240201605823
1610612745,2013-14,0.5090015578947984,0.9260955798617724,-1.2184200152045226,1.8503386310756835,0.8761335762599993
1610612754,2013-14,-0.740494274740029,1.8446864382689356,-1.8379853203901813,-0.40732434440047227,0.7445236546108811
1610612746,2013-14,2.5330912856345966,1.633405934640024,0.584260089171516,0.37357303242348494,-0.011062591511742664
1610612747,2013-14,0.5263206818246892,-2.3363998910626567,1.3338440486233185,-0.9249659344140461,1.0950982035140078
1610612763,2013-14,-0.19065286256097536,1.2599252620958048,-0.21070089363957126,-0.37372717647104253,-0.6345912240047854
1610612748,2013-14,1.8138092379761432,1.2936595391804102,0.07709536371109431,0.4901592963925239,1.2776608885706136
1610612749,2013-14,-2.3291975390918735,-2.2204805988664855,0.9634358706629446,0.06378487638895325,-0.24247541455470495
1610612750,2013-14,1.1302932407615718,0.05979296217054515,0.09383621608393879,-0.18869533385739182,-0.6045663360841012
1610612740,2013-14,-0.34320439163967575,-0.8735471541498885,0.2095632397259955,0.17995691639595657,-0.831724879541168
1610612752,2013-14,0.02022147383464409,-0.5134905577487489,-0.5563087010931063,-0.1600044541553247,-1.1198108719486617
1610612760,2013-14,1.234850692667771,1.497389335584876,-1.4996748283067307,0.8100415820856213,0.8462906979619451
1610612753,2013-14,-1.213601246140871,-1.8414147521859594,-0.46214069449556483,-1.1986132275521666,0.565671903717311
1610612755,2013-14,-2.5413858021674613,-2.9284750754549274,0.21180654063009333,-0.16797914327363156,0.9652826135337839
1610612756,2013-14,-0.30254242997781405,0.15692209951824526,-1.9889817001876577,1.486980927961667,0.20041891030474665
1610612757,2013-14,1.5748723207275082,0.9634759689064825,-0.17851915043050656,0.534904681238541,-0.7616480636609159
1610612758,2013-14,-1.547973910139555,-1.3683589675533225,-1.8654354431988474,0.6881596711294773,-0.14763654597359918
1610612759,2013-14,3.013138885782783,2.0427094712017007,-0.08058250363202321,-0.6572890798275781,1.245783223187208
1610612761,2013-14,0.06470782077251937,1.0031371411894412,-0.5662503191667383,0.4768610348830568,-0.48462950695782286
1610612762,2013-14,-1.6856289347983107,-1.960253011933705,-0.19211373333800816,-0.28002982569186746,-0.13895314966517006
1610612764,2013-14,0.45237654824273327,0.44957882356959483,-0.15843545213299692,-0.8329423557859581,0.4909487521972239
1610612737,2014-15,2.4702023868351013,1.9222092593366455,1.0809411402316693,-0.7341207480456546,0.930204071217689
1610612738,2014-15,0.7307448988202085,0.01889148977889617,0.6358662651005886,-1.4958059452857957,-0.12065096261408875
1610612751,2014-15,-0.46164951659792436,-0.7392686754261474,-0.36629798801548297,-0.8235492645976442,-0.35503553686332373
1610612766,2014-15,-0.26555597432003697,-1.0487437715914358,-1.3099240684511795,-3.186990791308364,-1.2905100079378948
1610612741,2014-15,0.19337360898785771,1.0447322333802151,-0.5659236955014695,-0.13925911054478324,-0.49491104249086526
1610612739,2014-15,1.0254679255772086,1.292201227146259,-0.46732892783607605,0.7567149152302686,-0.14493570689604973
1610612742,2014-15,1.662501686663871,0.46604616367908963,0.1849621105034645,-0.4289750210859663,-0.799909282256048
1610612743,2014-15,-0.7171018646468854,-1.2844417360859774,-0.09205130173043174,-0.42444403271413106,-0.58777724829791
1610612765,2014-15,-0.5895870169511476,-0.4343145339542292,-0.14791205171799068,-0.7967310139331522,-1.0920526729906461
1610612744,2014-15,3.6631176319358563,2.533785034800096,0.8776257813308809,-0.4186290903390189,1.0266355454754874
1610612745,2014-15,-0.4564853443261759,1.2574942798560225,-0.6364877877533156,1.0919236782972925,1.1860071159686492
1610612754,2014-15,-0.22326091256077124,-0.022300420266922697,-1.017175127852976,-1.474423857419156,0.07446203406250476
1610612746,2014-15,3.713046921709191,1.3384661978196535,0.5736275579929401,-0.8258995372922955,-0.646849712570914
1610612747,2014-15,-0.7654838781575817,-2.455332553057431,-0.3523429281393189,-1.280758975880863,-1.0622153634380058
1610612763,2014-15,0.5457497048576769,1.4174996993024405,-0.7110139762771348,-1.2012385655496645,-0.3874263048894751
1610612748,2014-15,-1.405405332334565,-0.40952772644440966,-0.365663344396037,0.023276346099246826,0.28013457556056065
1610612749,2014-15,-1.1460158146496222,0.7323623916131381,0.49598282943064936,-0.24039883261442022,1.7607922263737628
1610612750,2014-15,-2.0405831597685338,-2.6264864249268296,0.799486636145364,0.04272565129792221,-0.39197959920097075
1610612740,2014-15,0.5372632421836175,0.40167235875331575,0.008282525743542605,-0.29969648696946827,-0.8665076649231357
1610612752,2014-15,-2.405729112990627,-2.357061155145623,0.7852659819100535,-1.1474038650809009,-0.053479554116043944
1610612760,2014-15,-0.2175106956628135,0.15133823382646594,-1.8341792717506225,0.34598650908595324,-0.2979629176256025
1610612753,2014-15,-1.279415114855369,-1.8365239996023528,-0.6427482053860164,-1.0955602540688156,0.5718759672290223
1610612755,2014-15,-4.245932218783455,-1.9968461668801423,-0.27516359393207634,-0.7741313344449464,1.6190849565925511
1610612756,2014-15,-0.7059250596666635,-0.7091720410034807,-1.2079832597090903,0.07779434332986665,0.2697222346530794
1610612757,2014-15,1.2792612881346954,0.8737026997913667,-1.0893777193069503,-0.7591593649928261,-0.10936140416888011
1610612758,2014-15,-1.4462542998396828,-1.3932914560042404,-1.1208591741445313,0.9660786012926575,0.6829719561818944
1610612759,2014-15,2.200836846976191,1.62632437020801,-0.23996047305724333,-1.1121659438896216,0.6038848209611105
1610612761,2014-15,0.9854675312292129,0.5408791335273836,-0.41198219703067357,0.6402893472015506,-1.377153785209463
1610612762,2014-15,-1.8419267767362661,0.47780251625392567,-1.022461486590627,0.5332025172054945,0.18810874435131064
1610612764,2014-15,0.2909495295105388,0.6336365398829437,0.010410690037977849,-1.218133157823007,0.939254147299716
1610612737,2015-16,1.7916701148684933,0.7971288011182349,0.6531000591636331,-1.5929440230191523,1.6529923704945964
1610612738,2015-16,1.3619795682617786,0.5001740517477481,0.039981132199165485,-0.9790179244122632,-0.253779977843787
1610612751,2015-16,-0.6306548888236846,-2.466619210081759,0.18413853847919595,-0.8631931136350266,0.3522827883817955
1610612766,2015-16,2.363398925766157,-0.11353292620432004,-1.664327181075153,-2.016639458023445,-0.21566436137845843
1610612741,2015-16,0.3977234852689605,-0.4472447213993449,-0.13674458282936727,-1.0017650311050883,-0.3180819458456681
1610612739,2015-16,2.1783945263483298,1.4630705728476607,-1.045294889949206,-0.23909254264655894,-0.11132787612499101
1610612742,2015-16,1.7194120348066826,-0.7130747066401387,-0.5850649446912998,-1.7590625409904495,-0.3131704122714555
1610612743,2015-16,0.049695800102162846,-1.2501251734351444,-0.36750177474929846,-0.3932063309938385,0.05057867033239852
1610612765,2015-16,-0.1279827343425922,-0.32176959680454764,-2.4753456849733513,-0.5364911213056619,-0.9186779068904966
1610612744,2015-16,4.872723148984204,2.5240652146305407,0.7730989748603135,0.22475031715129282,1.713930783631893
1610612745,2015-16,-0.004368986412803806,-0.49833826941411513,-0.41303643036117726,1.1244638446760407,0.6721629209004768
1610612754,2015-16,0.035492136853890806,0.10073996634480138,-1.3303662875642899,-0.7399390287261244,0.5968388470866897
1610612746,2015-16,2.361699712539298,0.6556096257797124,-0.26233536610030805,-1.3429802384634417,0.002425695745844016
1610612747,2015-16,-1.9169553752129371,-3.4853317988827426,-1.555880044377261,-0.9528883210133893,-0.8323854181078717
1610612763,2015-16,-0.21619916613405674,-0.5637825956868474,-0.5705996191129343,-0.5943742871364414,-1.053320984141096
1610612748,2015-16,0.4907980486023358,0.3696901139218457,-1.4189940997501194,-0.6077977994589604,0.17034767535820533
1610612749,2015-16,-0.5390346263675202,-1.0507550924427616,0.8439455368112896,-0.24939525327485648,0.584957024479771
1610612750,2015-16,0.2977392548385064,-1.4493419247821913,0.5581429395707304,-0.11371101821797017,0.5929763278143324
1610612740,2015-16,1.3107222635611744,-2.096264649495982,-0.93937466128209,-1.6433858920489823,0.06202617453647659
1610612752,2015-16,-0.2704300654627616,-1.1614961079726556,-0.7878576073605195,-1.0122586029562048,-0.5782225207042154
1610612760,2015-16,1.0114049780843755,1.5966264282438152,-1.0215034727815653,2.1342558467914285,0.38201209463033603
1610612753,2015-16,0.8776939481119133,-0.9268214199886593,-0.030823579449736543,-1.3694165291702078,0.2486757362706345
1610612755,2015-16,-2.083266945636203,-3.487443836753169,0.06591612060713879,-1.07170738376874,1.4010266059599639
1610612756,2015-16,-1.8333096715287327,-2.4140767127012626,-1.4884562729214332,0.17393504258437728,1.469643235428819
1610612757,2015-16,0.6370560611941912,-0.3975787818778974,-1.3950152606069783,0.30783619810255664,0.0938142566288011
1610612758,2015-16,0.595960323310237,-1.4105324550845078,0.04258960447420242,-0.030088012067251063,1.3515316864827684
1610612759,2015-16,3.556350325401841,2.922394929396109,-0.6541863976081607,-1.5576064443792756,0.5265793952849707
1610612761,2015-16,0.8695022216383865,0.8671393330923577,-2.5542608793570487,0.3277978822623067,-0.9621428520685523
1610612762,2015-16,-1.1135560429305296,0.39532774340256494,-2.1518078222015475,0.11809873150462147,0.24461658186856572
1610612764,2015-16,1.8046862220804751,-0.8059788137395565,-0.27209435661410786,-1.617278415965601,1.0580519578355865
1610612737,2016-17,0.31285390216690223,-0.3230720662360316,-0.2866607881152928,-0.33916780580197403,1.1597433604175313
1610612738,2016-17,3.317890051655835,0.18824550277107996,0.8869339645386789,-0.4522642133637656,-0.028096551184556152
1610612751,2016-17,-0.21509413972782174,-3.3110133475125307,-1.1291051129180973,-0.04905878896109549,1.7288227226678834
1610612766,2016-17,3.2367259787975713,-1.2691359993577094,-0.2553349212571876,-2.1454970119285015,-1.1064030752706484
1610612741,2016-17,0.7633050667436759,-0.27004399191957307,-0.5528604952859927,-0.5750864609848408,-0.712659641219972
1610612739,2016-17,2.953609529674074,-0.2139124275684302,-0.7700476168110597,0.6029351989841265,-0.05636132776985744
1610612742,2016-17,1.6794825601760308,-1.675520348627003,-0.751779391671196,-2.5280589259483843,-0.5437400207561783
1610612743,2016-17,2.5946754328532893,-0.9828581604797988,-0.12864861531913294,0.9430291330547258,0.4185765504318586
1610612765,2016-17,1.5034370309767282,-1.1926840067553524,-1.6788872341573078,-2.122613518964336,-1.4029755501757495
1610612744,2016-17,5.3867649109837625,2.4733541239942887,1.7513146978822847,0.2518392615022338,1.4219983235881917
1610612745,2016-17,3.3296291619516722,0.3952459584832411,-0.1875587822500748,1.271034180164732,0.8214041371749438
1610612754,2016-17,1.7384163349941835,-0.8136640034678803,-0.33599980798348805,-0.4616476660533056,0.1216019891066235
1610612746,2016-17,3.2832748559383296,0.038661486482687864,-0.9710139223361592,-0.24697584964487018,-0.21540383792904141
1610612747,2016-17,-0.38432748508859943,-2.8395380137058095,-0.9079855803173881,0.36417545732560747,0.18244991877040587
1610612763,2016-17,0.8203097012510251,-0.08620748052301534,-0.8089673864996488,-0.7702849660835887,-1.0112017606535229
1610612748,2016-17,0.8416654037330762,-0.3664498431038767,-0.8626900005344346,-0.3829697393271555,-0.5639685031850701
1610612749,2016-17,2.0413515297503073,-0.471733647534547,0.7592353912431402,-0.36594690687095127,0.41348791772997
1610612750,2016-17,1.2364971289802904,-1.035414536206595,0.6895751064368265,0.6101366091527066,-0.47619222841352216
1610612740,2016-17,1.9595136705065794,-1.7397644849417746,-0.48897300759704077,-2.1715889764913188,-0.09868934437758765
1610612752,2016-17,0.049530079420360654,-1.6142690258480852,0.09585145770269654,0.34135850680140883,-0.9226728242344707
1610612760,2016-17,0.29867334364324083,-0.3067356181343924,-1.9057127523653057,0.7804161453414712,-0.10691589990889877
1610612753,2016-17,0.5358017946746648,-2.3982414941729293,-0.1308069639054515,-1.4439223731470145,-0.49783536362393244
1610612755,2016-17,-0.4521347817420045,-1.939316171129578,0.18511772050083147,-0.24226854630830488,1.6414961171083546
1610612756,2016-17,-0.7539832878526992,-2.8580696483036223,-1.768143850125493,0.9907752127012536,-0.11090139707609896
1610612757,2016-17,1.5308786756470203,-1.2615681010309074,-1.1687809894969592,0.252925160850406,-0.38591365364274033
1610612758,2016-17,0.9331511391164311,-1.8397893451283671,-0.20805056891472753,-0.3154276811617361,0.6465304719342191
1610612759,2016-17,2.8061163528856654,1.824075951508538,-0.46087421677477636,-0.4498946404590124,0.09972226261240455
1610612761,2016-17,1.3291220760546991,0.1601464611261247,-2.346513615506232,0.851638668583076,-1.4181788427208395
1610612762,2016-17,1.3593510557628152,0.7280535903651159,-1.9893133312777904,-0.21638578238882153,0.1815087791848367
1610612764,2016-17,2.261853097326468,-0.20359017500517199,-0.08763480243285116,0.4276445627677029,0.005702126790205991
1610612737,2017-18,0.45111824938953865,-2.4422789985813664,0.21827657781379958,-0.4688263247704942,1.1932742694605503
1610612738,2017-18,1.8325831110938136,0.6134732937526438,-1.3849516095366494,-0.9331295667082607,0.5430657318422276
1610612751,2017-18,1.246976334955816,-2.2787220022408405,-0.4162511794950872,-0.6108824489798992,1.0595666471909575
1610612766,2017-18,2.3562273558186946,-1.625825624722711,-1.7496284982421744,-0.8826494438960445,-0.719798327111983
1610612741,2017-18,1.2566305259436281,-2.894412665387927,-0.7338144633282518,-1.9443713474525153,0.42975532605306455
1610612739,2017-18,3.4973286984933583,-0.9694483921677323,-0.6819288634752042,0.20072408057366972,0.41575326424967884
1610612742,2017-18,2.3005110021385913,-2.3405808854035515,-0.5192796147118324,-2.5204547780982534,-0.24496890382059375
1610612743,2017-18,2.440037376048715,-0.3322383130541677,-0.0018205751376064187,0.7591820786237067,0.5068601502139685
1610612765,2017-18,1.6468664453549793,-0.8285593406215178,-0.7199664614522655,-1.165429553157699,-0.1124003908043339
1610612744,2017-18,4.800144351544727,0.850294797100142,1.5030973837831085,0.1879503547486995,2.1784694427866267
1610612745,2017-18,3.7004128131066953,1.0182829978076509,-2.4951992016883104,0.5886237551377649,0.523747395601787
1610612754,2017-18,1.9755637756883297,-0.3131657201774328,-0.7358718787001796,-0.3514034750560691,-0.376321031432438
1610612746,2017-18,1.518687977200258,-0.9995265860119674,-0.8601667053579547,0.7511591574662747,0.24186809337899404
1610612747,2017-18,0.8895077198909801,-1.3661810800405791,-0.6759405978824415,-0.08331989983630632,1.0787988059183753
1610612763,2017-18,-0.5085501711317562,-2.46734130969166,-0.3190094171907238,-0.3956113214616422,0.5279827150055362
1610612748,2017-18,1.404391185077419,-0.4281015439844182,-1.0645534918901314,-0.907320891979365,0.6755629828322779
1610612749,2017-18,2.37827837323573,-0.8608409107924635,-0.0010231640822373916,-0.2783139850919851,0.419791068620293
1610612750,2017-18,2.911533387853807,-0.3976890659857521,-0.27945018955083056,0.31670896489882033,-1.2710979254121288
1610612740,2017-18,3.405317815700834,-0.671177532995764,0.34309555000003855,-0.7100124272322468,1.442507796595218
1610612752,2017-18,0.6767554021928412,-1.7492493538033977,-0.11189586576208771,-0.18189214083716326,0.289986574698307
1610612760,2017-18,0.9995773548294238,0.275833082832291,-1.3801558101181342,0.7971131596261494,-0.7555807248863218
1610612753,2017-18,0.9106895673532042,-2.347470834742379,0.20823634803804536,-0.9841037900326703,0.7024199097024681
1610612755,2017-18,2.3939742637358017,0.7433744326898091,0.0419275813348302,0.13875849079775704,2.1272436076362613
1610612756,2017-18,-0.6500917524791319,-3.5686432843070888,-1.025350914603243,-0.17064075006930846,0.7104651621302155
1610612757,2017-18,1.1938372974529665,-0.23440829008942296,-2.6702869156486284,-0.1101980657547457,-0.3823299605229994
1610612758,2017-18,0.1086585129315628,-2.508262821909893,-0.4474536896094221,-1.3184690024723213,-0.1301124093798555
1610612759,2017-18,1.8635188283148876,0.3093273106294588,-0.8086547829328156,-1.2407645331936181,-0.20810045750833375
1610612761,2017-18,3.7074148407646845,1.161955317665045,-0.4645027027372007,0.07198130988914464,-0.1040069025066424
1610612762,2017-18,1.925759672392089,0.3806167084461946,-1.7986954765726717,-0.788052453647932,1.3168847886543875
1610612764,2017-18,2.21822508022953,-0.4971939210389885,0.1786819345585985,-0.4500251410168101,0.7366990819228829
1610612737,2018-19,1.1486865491322815,-2.829861952170434,0.32900699559030533,0.9088135360722119,1.5335737472602249
1610612738,2018-19,4.334832979646767,-0.09611871001504659,0.5292239931028507,-0.9890164604212676,-0.18192406612909445
1610612751,2018-19,1.7362432353088944,-1.1645382133498035,-0.5833866214618741,0.4301606203846204,0.38665828677480246
1610612766,2018-19,3.1044014381679004,-1.7895745712811135,-0.22555029930537457,-0.5855751195006772,-1.27585404349937
1610612741,2018-19,0.7448829372918735,-3.6101158564987763,-0.6279207844575159,-0.9598393292906325,0.1760457588454349
1610612739,2018-19,0.3786259910030634,-4.013508588049244,-0.7016590809114107,0.046958807181625394,-0.9694214033101048
1610612742,2018-19,1.8435657768470939,-1.786269835941472,-0.5773157280290018,-0.14287696838993907,0.1512014527847525
1610612743,2018-19,3.8272388023032278,0.5451511775356936,0.8144979217596278,-0.28273052075187066,-0.3359101311509519
1610612765,2018-19,1.5380790316891733,-1.006077459240602,-1.1275046348082964,-0.26028937542440345,-0.36286622500748084
1610612744,2018-19,5.592728720605909,0.4807968894537075,1.2364428590471486,0.12009986204031088,1.0166765052785742
1610612745,2018-19,2.823265485531718,-0.16225496759095914,-1.1896007017171777,1.4376121566985032,-0.7346712080976521
1610612754,2018-19,3.1469498888707994,0.19356989218634799,0.648171406013673,-0.7650460637965951,0.34283102684237443
1610612746,2018-19,3.024670816605963,-1.1778443917203827,-0.6952340422498334,0.6515450301189621,0.45828467512382354
1610612747,2018-19,1.933310643372464,-1.6936056130761923,-0.05340021584526738,-0.07286283642955176,1.1549201020423137
1610612763,2018-19,1.612629502607859,-1.4905071416641953,0.14707081859893434,-1.3246132235045032,0.5336339790429129
1610612748,2018-19,1.2457513365774966,-0.7546373812993159,-0.1562350104246122,-0.40341196293366566,0.445727750601421
1610612749,2018-19,5.142967763252101,0.592558087256847,-1.1111811399841418,-0.42746994272406197,0.846406749203534
1610612750,2018-19,2.5515817643646024,-1.7536832978720156,0.640771088865894,0.15952417757436183,-1.104869399064628
1610612740,2018-19,3.051005417902291,-2.0117105210307633,0.7444591560133103,0.2909895491077767,0.5076093719848743
1610612752,2018-19,-0.36392164168166014,-3.9514668755466458,-1.149326112544562,-0.41727369140872617,-0.4823129749633282
1610612760,2018-19,2.3280396753301895,-0.45209203495307626,-1.3718992069837517,0.09274995032240987,-0.39747486594097553
1610612753,2018-19,3.287230842463918,-0.8432335939319883,0.049050586900912053,-1.650518412049653,0.13462697197238002
1610612755,2018-19,3.7344270887277276,-0.4568934894174113,0.01252014554622979,0.2527205330803025,0.9096315033267224
1610612756,2018-19,0.46709627652096974,-3.686910094861909,0.9383404487287118,0.14432157599235856,0.8580639911311486
1610612757,2018-19,2.8900399929629406,-0.08697219498458394,-1.2329364879118885,1.1460154896490307,-0.5789384477963923
1610612758,2018-19,3.1298308458240824,-1.858454344623282,0.4881761106965708,-0.36894074893919726,-0.44943492574291455
1610612759,2018-19,4.566487827167696,-0.9742527771968787,-0.11401516092838165,-0.9766708357586689,-0.6295740566212988
1610612761,2018-19,3.938080670901213,0.4999388035410177,-0.29191877922675646,0.16328609941228767,0.4306619243294849
1610612762,2018-19,3.34403729628598,0.224082430404195,-0.7474303140994218,-0.24410166114793352,1.3896492732088168
1610612764,2018-19,3.137426209111574,-2.365444092877949,1.0816746809830733,-0.13749438074200668,0.177227589771907
1610612737,2019-20,0.8344851504042694,-3.491429694586103,0.07520338810250557,0.7010581677925706,0.9753925317189122
1610612738,2019-20,3.025403417492075,0.41463307044153414,-1.331813803249372,0.5865722891926087,-0.1659804262846804
1610612751,2019-20,1.9284055683955317,-1.3630745383895908,-0.6181979027463148,0.1364772430974364,0.7084845132554262
1610612766,2019-20,0.4660011397583024,-2.2939136263956796,0.8848929648418755,-0.21596485256829986,0.05464050704094313
1610612741,2019-20,0.6782155802425441,-2.083679720290364,-0.4126156782239877,-0.17466044193035393,0.9197707059817345
1610612739,2019-20,0.15616611259649504,-3.13716708486232,-0.4456039619160581,0.9678194335093188,1.0742245249888123
1610612742,2019-20,4.589521141666029,-0.5867598771686746,-0.36862129189153114,0.4090369961405558,-0.7891811334596858
1610612743,2019-20,3.5326615058704682,0.026684720156616482,0.9955899466222312,0.22305399120558464,-0.21573581725116117
1610612765,2019-20,1.1862423203462005,-2.1808363156832535,0.3789791985902895,0.47794265004476866,0.7070706813166592
1610612744,2019-20,1.2326067585961986,-3.5481901334832386,0.9524640886534383,-1.0502215611475199,0.7235172193134377
1610612745,2019-20,2.7242004822324932,-1.2273246014639954,-1.916350268147757,1.1789837026596923,0.3565819907090125
1610612754,2019-20,3.755573908527477,-0.3165598209615078,0.6722768646703109,-1.1169247893267162,0.23315855841063046
1610612746,2019-20,3.3610564932613793,0.2142183317960182,-1.4580537936711115,0.8497089273854638,0.47076529105823284
1610612747,2019-20,3.217944962581,0.6837048213453493,-0.7355301670269463,0.5571940703352007,1.0103106100335775
1610612763,2019-20,2.8190747924201185,-1.55291195099215,0.4616381069938805,-0.20852854066015303,1.119674242592732
1610612748,2019-20,3.796181333156012,-0.3778782343440677,-0.36553973108386884,0.056753976097908665,1.3501776476044256
1610612749,2019-20,4.844036948973557,0.7406727469243916,-2.09847605848188,-0.5482219004831429,1.9286795661825888
1610612750,2019-20,1.5127221572421505,-3.051865758975029,-0.65917711989219,0.026629662082576198,0.7194189124329267
1610612740,2019-20,2.4100637989275646,-1.8857842779069025,0.369577455802464,0.9255888985394447,1.3706242682882566
1610612752,2019-20,0.33030246066509467,-2.8282607975873764,-0.8774725565149587,-0.14249523080833293,-0.4634707502685794
1610612760,2019-20,2.7090453381194224,-0.7556781678691048,-1.6076343928929469,-0.07476712638278561,0.2624255088335387
1610612753,2019-20,2.644668817718704,-1.5526846583661613,-0.3714824963414564,-1.3440099420425942,-0.4929748298790935
1610612755,2019-20,3.3740906220103386,-0.3463804932002486,-0.2150399896990328,-0.2792160672806968,0.5313419342782082
1610612756,2019-20,3.6637024749975637,-1.376435326740492,0.6938889797450944,-0.03690781272439535,1.0766329243062327
1610612757,2019-20,2.583145174781561,-2.3435542618465295,-1.339953497131006,1.0660348931919512,-1.270316208954198
1610612758,2019-20,2.3614508194147117,-1.934170829407293,-0.4992826612982939,-0.04666761688037057,0.5600760107636819
1610612759,2019-20,4.453358526717048,-2.2877611438284284,-0.3099981474390723,-1.0201233149307818,-0.2531109363646497
1610612761,2019-20,3.3540516092285606,0.7723075877584242,-0.5201043229919596,0.02986290853603942,1.1355068104658164
1610612762,2019-20,2.6812349630031838,-0.6018857193229261,-1.7245229790873637,0.8526102403498927,1.136717586849023
1610612764,2019-20,2.6737560622438745,-3.0752977969070048,0.5597969436573541,0.25115661411506757,-0.034457458366288184
1610612737,2020-21,3.8083413830960997,-0.8229240974760481,-0.44275448153330027,0.6582567725157503,-0.4962179322424651
1610612738,2020-21,2.7841914112811668,-1.1371841337949893,-0.67831780331374,0.9282063062833589,-0.1618864174725168
1610612751,2020-21,5.677139701340124,-0.43285366558750754,0.6485280389259251,0.8963233794146808,0.3357494617114015
1610612766,2020-21,2.677423819856426,-1.3952568980061544,1.2056975634997908,0.07746540926997758,0.7230038886066004
1610612741,2020-21,3.359213978408131,-1.6462308332891793,0.08439983680152752,-0.2728320765677142,1.443936141880961
1610612739,2020-21,0.3705430433649782,-2.9267170392864155,0.25716181264065374,-0.10206802413069188,0.7708228266513739
1610612742,2020-21,4.314043341668736,-1.0144954103299404,-0.592722735167057,0.05453165627418081,-0.981639609955243
1610612743,2020-21,4.891267720157255,0.17363321515689573,0.43556799326456724,0.5921949261113487,-0.13069120178134838
1610612765,2020-21,1.3133138578432135,-2.522280331721339,0.333808071693432,-0.1320282636371081,0.6923706811468711
1610612744,2020-21,4.221474654810365,-1.199912854985635,0.6732948468017205,-0.5796412616553805,1.849406226208301
1610612745,2020-21,1.5489853042617092,-3.847981071499364,0.004847869800984716,-0.3960606824106224,0.7078549415253542
1610612754,2020-21,4.168082343849472,-1.566208730111205,1.5873417601462851,-0.2755265159881409,0.05367060064790473
1610612746,2020-21,4.8510576247054,0.09347245108017548,-0.7685645060703864,0.7095916771676418,0.005171484136936661
1610612747,2020-21,2.5990600468115064,-0.15294855517388908,-0.806289191145243,-0.0622535070001118,1.260347998979819
1610612763,2020-21,3.889305926456051,-0.8957660374953437,0.8545730978060162,-0.41957409004856516,-0.3781857742607013
1610612748,2020-21,3.7758320805244683,-0.8478117529237132,0.771776044747812,-0.6043403022359978,1.0104897264919919
1610612749,2020-21,5.08946793586385,-0.48658822046983174,-0.8825635817533972,0.787030612472525,0.3184702975270215
1610612750,2020-21,2.346490680166399,-3.0072573044055035,0.8888770156119178,0.0013279516790085939,-0.005181176902854651
1610612740,2020-21,3.1944599227260753,-1.6582673180108052,0.039655444870831544,0.7342833226402756,0.2271835274586466
1610612752,2020-21,2.3343639700791714,-0.45346694479068617,-1.4823258790185725,-0.38433460503868055,-0.5531366750737327
1610612760,2020-21,-0.00909201686985421,-3.9373859357877428,-1.1547984526781743,-0.39881693864300866,1.322300658877734
1610612753,2020-21,1.2011787537634493,-3.812083786441991,-0.6416272023965115,-1.5703579364712625,-0.7482632168009173
1610612755,2020-21,3.2158809416281695,0.3214223899229786,-1.224860738724917,0.6632492592346824,0.48974842292443543
1610612756,2020-21,6.028409145961268,0.29841877796622224,0.6292422599983276,-0.31836846850091705,-0.16085782944673152
1610612757,2020-21,4.388308022644673,-1.5359131153873826,-1.0567129512601678,0.7596777493072426,-2.334917455681475
1610612758,2020-21,3.7646753154848365,-2.6409267385021025,1.0538536054935015,0.32952023202395087,-0.23337074535143953
1610612759,2020-21,4.172623951689752,-2.0103970361449734,0.4778321338013382,-1.63562579786362,-1.4146139015183146
1610612761,2020-21,3.0117634982857133,-1.9411769333067879,0.3350905201084689,-0.09788324336437927,-0.3098398041530972
1610612762,2020-21,4.26443339251108,0.8618790356341643,-1.7525068979782972,1.2543924856283544,0.4553236771029698
1610612764,2020-21,3.546506838826,-2.3327332233283564,-0.23626264162392144,-0.06813818931243573,0.6228087685267926
1610612737,2021-22,4.7696685004659525,-1.2621505780969449,0.46848313337545255,0.07269278548694127,-1.3066758645014172
1610612738,2021-22,3.5742056927377246,0.8480549050751315,-0.13457417869371605,0.250679526221603,0.05030884897601415
1610612751,2021-22,3.1325528411051073,-0.8966873576148202,0.8296007101788515,0.9435301859190025,-0.08132093909281612
1610612766,2021-22,4.406865842946712,-1.1279906258159444,1.9916475135760654,0.02107732975592074,-0.4203067666395799
1610612741,2021-22,3.984943288980047,-1.5150014723333431,-0.1845732100619545,-0.09111233310881206,-0.30034529373897717
1610612739,2021-22,2.7081695775782744,-0.20955715261841176,0.47469594637288215,0.16819998170065292,0.591014105071644
1610612742,2021-22,3.705748370594691,-0.031092355086494997,-0.3530583161556606,-0.4536853879251737,-0.5360306843023135
1610612743,2021-22,4.576084672678908,-0.4606554737574939,0.7458936393399193,0.15175675924782872,1.0668028794580278
1610612765,2021-22,0.5211705894607438,-3.0495833432558777,0.6182867118101634,-0.4025770931784436,-0.2938819497329729
1610612744,2021-22,3.8121964909971524,0.644729289116339,0.38867251682576415,0.04312938308383684,1.3200608094324078
1610612745,2021-22,0.7313133905343212,-3.773502047575231,0.20123908422026782,1.1399435917896694,1.2736967965363697
1610612754,2021-22,2.095703085834363,-2.3622706461546947,0.9335532297138147,1.0304609364080572,-0.3270181000374133
1610612746,2021-22,2.475731582407308,-1.0163217416838304,0.2607270194269606,-0.22236582458100201,0.08004291699650773
1610612747,2021-22,2.3288119309395414,-2.339512130819998,-0.13437266737857206,0.23703899322424812,0.33069889058018115
1610612763,2021-22,3.425224986736852,0.6139979827752235,0.38115237056744605,0.8541783293756318,-1.4063992777019763
1610612748,2021-22,3.423824700847372,0.5031939709768251,0.04752730662023294,0.5138043892394537,0.7806001405053455
1610612749,2021-22,4.071422682542848,-0.7618703965861465,-1.0032903283752828,0.49550937758601254,-0.15709794788376696
1610612750,2021-22,3.2874101539618037,-0.656226037447167,0.5376528860011394,1.0453837319614765,0.020322049730512666
1610612740,2021-22,2.3930103723784675,-1.2794075882872475,0.27975518354467716,0.35270533422276684,-0.21552038466197657
1610612752,2021-22,1.6451181386587872,-1.2203214230673196,-0.9763373929278476,-0.026009821757410838,-0.765878541232327
1610612760,2021-22,0.5177666213363536,-3.2679474216731985,-0.4531224055706834,-1.139487065362201,-0.06322643023972761
1610612753,2021-22,1.0267263502480295,-3.3743046690813174,0.0005836227641678446,-1.2896193159777622,0.5770198853205981
1610612755,2021-22,3.9850211261391455,-0.3872974684695923,-0.1042650756672163,-0.312505555146577,-0.4596093119726938
1610612756,2021-22,5.368847181618522,1.0922093675245428,0.7209206384865502,-0.40119464483015993,-0.019458975282003417
1610612757,2021-22,1.0539227221931708,-3.4808109738847968,0.1300374644956978,0.15837498280835488,0.05562918893528287
1610612758,2021-22,2.0952502163265962,-2.875417766280521,0.2504790577378711,0.2209389408898178,-0.02859070495504419
1610612759,2021-22,3.9601964883921066,-1.359200114057151,2.138259187253426,-0.6355250748194324,-0.8835402629881857
1610612761,2021-22,1.8147038703259863,-0.15018748008436894,-0.4595489684986883,0.7002048761360196,-2.104373994910343
1610612762,2021-22,3.1330324662629745,0.13864054789596306,-1.345299571668838,1.7459698591036066,-0.22765439006235022
1610612764,2021-22,3.369241185388291,-2.163776230571879,0.6851749010490539,-0.7211147624778165,-0.11912793170728639
1610612737,2022-23,4.048893664404176,-1.78342665190906,0.4721330168713097,1.1166412764403444,-1.168287854972081
1610612738,2022-23,5.712131193045359,0.22165209498547433,0.024433084654409885,0.360019378687322,0.23794442670679636
1610612751,2022-23,4.18332180111654,-1.1183269460790757,1.234401318360641,0.7456627129063834,0.37874203526471895
1610612766,2022-23,2.001351309507526,-3.0620853884338235,0.8116517331711894,-0.022477753389464505,-0.1323417241079471
1610612741,2022-23,4.140190096266428,-1.4554313876639753,-0.22410759350340606,-0.23037832852415654,0.28795452578852787
1610612739,2022-23,4.060186240433147,0.3873875586010339,0.47126600921577944,0.7327589915627748,-0.20472337192352902
1610612742,2022-23,4.536193055194269,-2.1509242589753415,-0.05621623951486356,0.40826275142691887,-0.7894845667892042
1610612743,2022-23,4.981334755317553,-0.030349532089643097,1.6955853633091393,1.293914466013482,0.7076709628597598
1610612765,2022-23,0.7598389073666273,-3.759798866728586,0.4781062000625852,1.4898031121238982,-0.13421481000574234
1610612744,2022-23,4.312580536662982,-0.9281457879159059,1.6530940917480799,1.532832454796659,1.82226000338734
1610612745,2022-23,-0.07768591976745542,-3.4086577423387703,-0.3631642634802853,2.5550968104735894,-0.09950943363804564
1610612754,2022-23,3.038290035555834,-2.2541807671256953,1.9698247962176243,1.7051865976529939,0.14866407908212462
1610612746,2022-23,3.304594655667287,-1.3073771902041011,-0.41142270243940804,1.1753879831259286,0.18323572675244193
1610612747,2022-23,3.840799674001652,-1.5394573709162624,0.02847323740617051,0.8093917516701352,0.09475023710557368
1610612763,2022-23,3.7720459251165046,-0.1763491136666029,0.6484484015309366,1.0016185480961048,-0.677703764243004
1610612748,2022-23,3.0756387795340183,-1.1492405822729514,-0.05983078505211699,0.35262682266206125,-0.26705796580159674
1610612749,2022-23,4.056893880813871,-0.2300652054197418,-0.5365926499705307,0.9823473181048582,0.5105613826225022
1610612750,2022-23,3.404515358818547,-1.4199061102536605,0.7659526249964281,1.2533536592705654,1.0648384254734566
1610612740,2022-23,3.4143302507234097,-0.8592650030478507,0.3236929196681515,1.0103249220064583,0.3696184043493659
1610612752,2022-23,3.2669774443500756,-0.6968341342897636,-0.5354886620942941,1.848873932512604,-1.6002231603044255
1610612760,2022-23,3.2796703081699667,-1.4617769048689162,0.6144602879626689,1.1155407887410778,-1.2548399785493103
1610612753,2022-23,1.9559229994724465,-2.1013166012366513,-0.5375185191408701,1.159669720612622,0.5109797030353468
1610612755,2022-23,4.759361157645135,-0.15344667171628196,0.21668957796508334,1.2167823975630834,0.21850167927980715
1610612756,2022-23,3.7792611823681024,-0.3902149481380944,1.6165730562572576,0.7535449347876461,-0.6299072576451178
1610612757,2022-23,2.9505486928649147,-2.722055172147744,0.5627175508322089,1.5275277407545593,0.17735235749598213
1610612758,2022-23,5.751841158550902,-1.196241377793645,0.8914596320249208,1.255473184131505,0.0056439119085866275
1610612759,2022-23,1.837809422610083,-3.8968016673870745,1.9665602929459343,0.961730158740722,0.07182123010311231
1610612761,2022-23,3.4145671635232,-0.9540229975889668,0.5094615772277159,0.44358262824212374,-2.4618051667805676
1610612762,2022-23,2.862232367713809,-1.7017759353473323,0.829263836614828,2.266884157486822,0.22778587257547078
1610612764,2022-23,3.4547273699286043,-1.8885527428580027,0.7004430343712997,0.8903980517604978,0.19324491701399216
